date,rx_2,rx_3,rx_4,rx_5,rx_6,rx_7,rx_8,rx_9,rx_10
1971-08,0.004993305958297792,0.0068444214970439995,0.0025435945532827145,0.002746552872025361,0.006362421773742889,0.006867409500696066,0.005575296370426953,0.006353379572712127,0.008678117868210745
1971-09,0.001986258258583805,0.0021003258041878067,0.0012761779930213005,0.003472360725817865,0.0029533124124119584,-0.0044378379014469935,-0.01601946637688225,-0.029670013151569995,-0.04399488540586723
1971-10,-0.0008348349175638092,-0.004617661165479091,-0.005624643525060681,-0.005972757445331274,-0.005510704530245748,-0.010948576851874038,-0.019619434776165602,-0.028840396363372857,-0.03762543580965292
1971-11,0.000973461304597599,0.00012828056059969312,-0.00237990518213322,-0.0010666590728516737,0.004935000768996466,0.0043751058717343624,-0.0020842639528089527,-0.011051352539710547,-0.020410333977559515
1971-12,-0.002246763500318799,-0.007708670672058597,-0.013269376675545515,-0.014673629806156809,-0.010848767118951476,-0.009747833022520892,-0.011418332627290896,-0.013424977936092077,-0.015426889744536411
1972-01,-0.0050575327894237035,-0.007437889562170508,-0.00859446846012589,-0.009478140914715869,-0.006935833665180954,-0.004227514493398352,-0.0028450920122717743,-0.0032060756041242117,-0.00462397126956636
1972-02,-0.009570082001077104,-0.016515691658665635,-0.020665478771483572,-0.025247147310092685,-0.02555055483210271,-0.025198770978240456,-0.025024411640092822,-0.022912335382246116,-0.020140020038102766
1972-03,-0.007323974290341512,-0.012307588891725105,-0.01502375767783011,-0.01828474999028308,-0.019459759900425547,-0.02274811669861178,-0.027357065852295928,-0.03044686014127014,-0.03235599900205939
1972-04,-0.009452448645437393,-0.012437900367590897,-0.017052168524343096,-0.021412630668604042,-0.021448039544823043,-0.022165330347356176,-0.0243210224022155,-0.023929798578979915,-0.022271235177554576
1972-05,-0.015591258430777709,-0.01941190800541113,-0.022257067277492472,-0.02358527358786181,-0.026127301431431806,-0.030875387944009826,-0.03688858978222934,-0.040713724870828895,-0.04331210319313892
1972-06,-0.0172496068659605,-0.019531546508985517,-0.024190895201779097,-0.02607521877308218,-0.02877721584898986,-0.03363674901959175,-0.04086799444239643,-0.0492668805638546,-0.058550102382601346
1972-07,-0.02839989339249109,-0.036995928172401285,-0.04813878223970282,-0.0609093727977678,-0.06959583060858802,-0.07309607186405263,-0.07360792126666076,-0.07409759964125888,-0.07459384248286575
1972-08,-0.02318541142861579,-0.028457819051134113,-0.02844750154961958,-0.03133579741005462,-0.03433387302941739,-0.03638200492253404,-0.04110608704493792,-0.04558292318497894,-0.045488189028450775
1972-09,-0.013787326365736582,-0.013057076171978876,-0.011962430885067321,-0.014085265549656417,-0.014088370988516702,-0.013498429644134363,-0.013416844668465183,-0.012266885231831975,-0.010440861462096912
1972-10,-0.010336221513893802,-0.009282081333800908,-0.010805021116428816,-0.014216995335204215,-0.01620466506880531,-0.016985814075981105,-0.016641890350537376,-0.014504751796448286,-0.011684622301957777
1972-11,-0.015594073885078302,-0.011176866198636004,-0.01257408941503263,-0.016370521305019037,-0.021524361676947157,-0.02632588715874662,-0.02645910049844513,-0.023481634509847582,-0.021074371517947943
1972-12,-0.010219099095735505,-0.009429957456830874,-0.011662307800383388,-0.015542035288206475,-0.018999410722097106,-0.021854467200072066,-0.023911685402855716,-0.025176488217905142,-0.02736965489052074
1973-01,-0.006098166638235293,-0.004473509159963383,-0.007255807924804257,-0.012934349500772956,-0.020400293405870094,-0.028130032162288064,-0.03257654577514071,-0.03441616455315829,-0.0364812603210379
1973-02,-0.0023228380586082925,-0.0005107673571757426,-0.0006704653629875518,-0.003976770472612037,-0.00880810519801746,-0.014289286751704058,-0.02074273891569385,-0.027929378144504538,-0.035008591495034616
1973-03,-0.013730727089714623,-0.02045121375319739,-0.02803214116456873,-0.03689661802597713,-0.04509410515657605,-0.05233834636272797,-0.05516850604928805,-0.05658636353564453,-0.057747249016299046
1973-04,-0.020838268045848915,-0.0314325062186627,-0.04405486048179899,-0.05757684555613998,-0.06911597687926038,-0.07638490148347751,-0.07886509098527397,-0.08060332037079423,-0.08223950801270644
1973-05,-0.0177148535781652,-0.030081104441581213,-0.04173954618341147,-0.05336332302028646,-0.06192813228491817,-0.06487695048454117,-0.06422398579921279,-0.062096063332109985,-0.05939357067989276
1973-06,-0.020281867115914384,-0.03259532079352341,-0.04779770043307292,-0.06336312352847208,-0.07571979572047878,-0.07996293234317405,-0.07903973399123677,-0.07594184137825412,-0.0731080461864111
1973-07,-0.011124205990106315,-0.0193547022483955,-0.026455395555022465,-0.035787336143537296,-0.048331693480665294,-0.05855406793061013,-0.06319941968413034,-0.06317590434321962,-0.058823292695825646
1973-08,-0.024914554612987597,-0.039944223394434,-0.05197580496945366,-0.06399270804684455,-0.08039564847941795,-0.09102743919135033,-0.09338858126762058,-0.09499659110021715,-0.0998856910215002
1973-09,-0.0186005730246621,-0.03458248732294089,-0.04690566761224907,-0.05954650513087928,-0.07094055477095512,-0.07961391226984282,-0.08644433726839984,-0.08994275049483591,-0.09039519266597906
1973-10,-0.015897011511148793,-0.024757618418034186,-0.037477882851435815,-0.04978697154733723,-0.061306735881779914,-0.0693001360646222,-0.06981104708023343,-0.06833262069996458,-0.06763664261023193
1973-11,-0.01568357925095039,-0.02077036777882009,-0.030134607372955743,-0.03721707900340242,-0.04477721943796585,-0.051337198460306974,-0.05719241773832044,-0.060146045926611366,-0.055379771934963615
1973-12,-0.007831503334107703,-0.015248538607670531,-0.020060935978925526,-0.023819517271752383,-0.027780087985054353,-0.029816235411644493,-0.03152738050839851,-0.029580892302172618,-0.020322218038253154
1974-01,0.0019584474300901045,-0.0016927697564113886,-0.0067708095796704115,-0.011952070730526565,-0.01844530233778302,-0.020937447277801224,-0.02145869986094906,-0.012586989937311166,0.0011383971695897999
1974-02,0.006716941070553206,0.008654291928752833,0.005305347822367412,0.0010145359545870036,-0.006559804518642687,-0.015278173530429928,-0.018535519816642643,-0.009806182333646163,0.005967011759251961
1974-03,0.010428340115892595,0.012623178380720912,0.010793073064170572,0.00747948933117043,0.0026266305622933417,-0.006191334840453533,-0.01577115210100072,-0.010692420975644767,-0.0006300673115522959
1974-04,0.010185442278154017,0.0069992597390950845,0.003299032844732111,0.0004619538203067125,-0.0036275221487237636,-0.009420606357231312,-0.014727642353501005,-0.005472236356360641,0.0069026311077993036
1974-05,0.016114656308544806,0.018230573512567474,0.01825612461232766,0.019842361086564383,0.015703691882187384,0.002684613065825611,-0.007594956779150855,-0.018397575508496036,-0.03132259560486113
1974-06,0.012226979242211292,0.01794912810858651,0.021305721021512514,0.02196573430574217,0.0183742720311193,0.007736961355010508,0.002134538760623139,-0.0063678145460513425,-0.017638445778225986
1974-07,0.011480401386903219,0.015096010061334195,0.014446997951814214,0.01682095530612744,0.017314169061009202,0.010547309479232617,0.004883307467826073,-0.0072815634918987765,-0.025206839193505512
1974-08,0.007152525428305481,0.007523789749238036,0.006700497323995053,0.008586791117022013,0.01321160187633244,0.006761038478604237,-0.004956922846611617,-0.011939678894537037,-0.022098714093307853
1974-09,0.0033060007469192243,-0.0024107517413475693,-0.006685419910111609,-0.011929005785669536,-0.011641740205579856,-0.01883936471072191,-0.030598150958407913,-0.04079925241697581,-0.053128577023819915
1974-10,0.01300723968231332,0.016191369027075603,0.01690280586006837,0.017269127689895747,0.009482515007970649,-0.010560520875485091,-0.028314422177181053,-0.04385404777322843,-0.060515601561325516
1974-11,0.004825733540054597,0.001569938674470528,-0.002790080587104976,-0.0036893705191685666,-0.014191649205464285,-0.030765264061113573,-0.04533984112479783,-0.06050493740401386,-0.0759177142928773
1974-12,0.011972961789785422,0.010728251261546001,0.004845532746743791,-0.0018056971155683554,-0.01267942826614507,-0.02478596961232757,-0.03624849244504921,-0.04792771409163318,-0.060417675305080215
1975-01,0.0159308212953804,0.018134288929541303,0.01411770901370743,0.013067889908547708,0.001234653061370966,-0.008999022724022393,-0.027959043103684217,-0.04064774448087935,-0.0521050539082307
1975-02,0.005618667398922805,0.003910089782413223,0.00024097862036628892,0.002845924121858273,-0.0003660768758881605,-0.00950916909341934,-0.028946380425313417,-0.04416799398972496,-0.059799205307640296
1975-03,0.012412609480138906,0.015077045860107177,0.01676336626868284,0.017326612953311213,0.01408808256231818,0.009569179739344333,-0.011636127097520502,-0.029975300682544406,-0.049748769611151725
1975-04,0.022146613819713903,0.0323689681643725,0.03967667117498562,0.04329769254433895,0.03670937242936238,0.029843963936018,0.007148325254442353,-0.014305733419825398,-0.03966444178773072
1975-05,0.008626434183575296,0.00866520811798431,0.007346113067479024,0.005750035689366204,0.011043139624020135,0.012053440902994136,0.0018613474697415783,0.0012791341061571398,0.00196727759440489
1975-06,0.011722308908259885,0.015014469678286194,0.017932348913083415,0.015382541843217537,0.014983129144382615,0.006942263812055885,-0.0016180592139958122,-0.002888550761620187,-0.003175197379701275
1975-07,0.018805274953327192,0.02797239389283282,0.031093573948048653,0.027485965162460574,0.023508769072071084,0.013005541898946621,0.006375871693580809,0.004711044981512008,0.004220637961117518
1975-08,0.020710411725067976,0.03104736942987278,0.04170192900854709,0.03959235018146924,0.03799144963829888,0.03951013758533052,0.036024106229489664,0.03162617780134276,0.027810993793777453
1975-09,0.026530539660630778,0.04170619469205561,0.053957585103097686,0.055349038780776086,0.059864775339957335,0.06566698590229088,0.06494428846773538,0.0666766577853949,0.07012393005422847
1975-10,0.021372653337572906,0.0338855611415243,0.04295623395514475,0.04952763796687926,0.059477105682624265,0.062213520035889036,0.06195788929683144,0.06656136867132995,0.07047166108614383
1975-11,0.0290140457516513,0.049532313819485016,0.06504084495661612,0.07931451198634269,0.09578129076221444,0.10016021637588703,0.10169930364079945,0.10271195410946167,0.1010810904998747
1975-12,0.024022012337331103,0.04280470993515818,0.056789374285815306,0.0678807609126512,0.07755234003961194,0.08224826797813252,0.08692435249586401,0.09256232215972655,0.09774716148736158
1976-01,0.015713512414885895,0.0284078390024902,0.03498631598145815,0.04201983006877565,0.046507777421218886,0.05122014895106854,0.052585151632738934,0.05153243418905764,0.046058779988848685
1976-02,0.018136723267794384,0.029583594246729912,0.03208388244220308,0.03392941830447401,0.03667028231124971,0.04011282354171632,0.04109039662262023,0.04097582787697875,0.03828214646493213
1976-03,0.018813127272874923,0.029034988081223866,0.03472006199836054,0.03555746722257056,0.03575405159031978,0.0366831748184863,0.035968395948786015,0.034723235207369786,0.03355622637832282
1976-04,0.016654438711482,0.024707669423956295,0.030035497850942845,0.032607913854118466,0.03615577258964279,0.03856674787693468,0.03853845407893445,0.0389455373538937,0.03925190505212726
1976-05,0.02047627718051198,0.03329946029688767,0.0445038149621198,0.0456519606053607,0.04674275776649156,0.05637045144437586,0.05895964121238079,0.059191684626362095,0.058850258826973534
1976-06,0.018090327661609812,0.03010416372522491,0.04269521059414094,0.0476850734571283,0.05419479948961575,0.060383593464655105,0.060194935202221744,0.0590329340284535,0.057717484986512135
1976-07,0.01177546157921218,0.01948170844233492,0.02855626957367953,0.034106416554654365,0.04166013152529037,0.044779278911399614,0.04498217924424387,0.04611975055560326,0.04838734678926994
1976-08,0.008501618344656604,0.013959565718727703,0.021151887484556632,0.028373055866501552,0.03455650274526909,0.040361961497557865,0.0432365630273349,0.04561098701652092,0.049694502589576674
1976-09,0.0026893007145235084,0.005201858005834899,0.010809053337930703,0.016628853568870568,0.02068742819787201,0.026108350296959577,0.0274538537963901,0.02926218468273207,0.032397879213729115
1976-10,-0.0025341048803810967,-0.006923782334675804,-0.006246832011015835,-0.00676654270035737,-0.003191418409315583,0.0017067313017400387,0.0027837813733642136,0.004625650310725038,0.008914916870891298
1976-11,-0.008620870676403998,-0.018933375977595403,-0.02407467781689971,-0.02948864140613234,-0.02671303631786793,-0.02514765295950217,-0.02361165082994466,-0.019753457399304793,-0.013470845145914574
1976-12,-0.01039939800235399,-0.01979747569795761,-0.02801397099887811,-0.03559946506906824,-0.04016790857451485,-0.0469398139604476,-0.05549233205764242,-0.06388527120568616,-0.07029962563103703
1977-01,-0.004420936902012423,-0.008218338608213069,-0.009198426599583295,-0.013811311796305806,-0.016712125860407392,-0.02548715266668279,-0.035236726821002276,-0.040525244093500515,-0.046840896114323696
1977-02,-0.005348546834915299,-0.010109699617195295,-0.010979453715000365,-0.013931458379446648,-0.017835293502817207,-0.026064192033259992,-0.038016122086270476,-0.04495983160488626,-0.050880116723616475
1977-03,-0.006983550972541594,-0.013756958750753626,-0.015689072135069163,-0.019200997063044276,-0.022199383894860522,-0.029390780071737663,-0.03977686757844988,-0.04785581678931859,-0.05530896550062468
1977-04,-0.007850605700279706,-0.01761013351617942,-0.019743595226205876,-0.0257804788736216,-0.02850930592130889,-0.035827216044738694,-0.04485718112461916,-0.0514200249059165,-0.05842660678431903
1977-05,-0.012601546269625598,-0.0254566018411772,-0.030971725896337392,-0.03850876214634407,-0.04659917307942967,-0.05582692631073554,-0.06517237951915472,-0.07412309521653732,-0.08465586992985757
1977-06,-0.01740084864750909,-0.03589829145034492,-0.0462650838888369,-0.05720525844107751,-0.06564168310254706,-0.07325049493411132,-0.08267040050194066,-0.09233858942833531,-0.0987078766018418
1977-07,-0.013846437228633095,-0.028216178972694704,-0.0362793141659895,-0.0439472923614948,-0.052204735298364495,-0.060027300285488354,-0.06998608411167545,-0.07967012100595677,-0.08603730097842671
1977-08,-0.015296168941244997,-0.027584598053961823,-0.036507123844863404,-0.04656833921616868,-0.05667115879357379,-0.06335149098323847,-0.06896418575773086,-0.07391617344029242,-0.07709539711007982
1977-09,-0.016929525847974497,-0.029704448238524597,-0.036820560814507394,-0.04541134685859065,-0.05569744542856141,-0.06492949977102373,-0.07430268794572618,-0.08409101043340954,-0.09106689186497445
1977-10,-0.021987445035541717,-0.03690891635596048,-0.04877664267186772,-0.06158435235016359,-0.06729680761814928,-0.0768484289226294,-0.0883784375843983,-0.10000224439704782,-0.10835626582332154
1977-11,-0.025358367806508797,-0.04179652639015313,-0.0479120060711396,-0.05536542748422324,-0.06348609810953232,-0.07421073467308847,-0.08427994275312733,-0.09326729307467585,-0.1000342368301812
1977-12,-0.029045322859834896,-0.04668744881287247,-0.054693265471649474,-0.06048446834598763,-0.06943705850726055,-0.07829750163113706,-0.08607852079688065,-0.09264415226650695,-0.09626790884106289
1978-01,-0.022371023240819216,-0.03543037460829032,-0.03674038186689732,-0.040326095144633256,-0.04730144750867843,-0.05553633673912811,-0.06256041970013254,-0.06882220343717654,-0.07281502971030868
1978-02,-0.022067967505531208,-0.03561026368227094,-0.037706294392490236,-0.04683246857707318,-0.05694800580419784,-0.06291802213864744,-0.07139397554026178,-0.0794218930528156,-0.08355463661029922
1978-03,-0.01842658092308118,-0.03185699393898868,-0.0337798165221115,-0.040359458998877454,-0.04850730391606713,-0.052887887031734096,-0.05751908934138829,-0.061723324490678425,-0.06852617252864325
1978-04,-0.018097850946461297,-0.03232801113410602,-0.03639093054922496,-0.04412560405963603,-0.04861421906553068,-0.0542659091724412,-0.06266975425502938,-0.06930693426384824,-0.079093737256801
1978-05,-0.013595284801460508,-0.022263585341612796,-0.02120916177287749,-0.023623950505952312,-0.025368299168124303,-0.027749084930788676,-0.03134475040819776,-0.0356019213637602,-0.04301710658680083
1978-06,-0.005326459875221096,-0.005624406481968977,-0.0038096177338790144,-0.004837711014152604,-0.003336911225316777,-0.0026889861277329535,-0.005762116642179307,-0.008473052314477716,-0.01015550719234172
1978-07,-0.010501876339166397,-0.013744628942085807,-0.015408561969214501,-0.017091702798300218,-0.017695379899049984,-0.021565288528191257,-0.027851724948568995,-0.03260284189924764,-0.03550518663748789
1978-08,-0.017666952888192783,-0.02676920852473641,-0.031138960652539766,-0.03490025026865881,-0.04108104848536645,-0.04864757321156407,-0.05685851918138371,-0.06460284447906603,-0.07030643856531013
1978-09,-0.022109264894569103,-0.03417868744493112,-0.03958335248589233,-0.041773725704558326,-0.04611466623110837,-0.05307134390970768,-0.059813520195561395,-0.06729715718607053,-0.07588595264774632
1978-10,-0.0352628632066706,-0.05677632560881818,-0.07340949045100942,-0.09207670311719224,-0.1041508574580361,-0.12027956610745072,-0.13562503329763687,-0.1497836986050599,-0.1636468180909093
1978-11,-0.023495420968001668,-0.0452638816499944,-0.05423471605429528,-0.06809985535668503,-0.08003419962012584,-0.09958906174433194,-0.11465917674815698,-0.12807746450692928,-0.14006620620326818
1978-12,-0.019678727939388213,-0.03615779580037201,-0.04643441630352918,-0.052675783644103524,-0.0616979687355359,-0.07903184118910328,-0.08955301690955314,-0.09952896449740961,-0.11178131225622073
1979-01,-0.027405002084293487,-0.05416818714577348,-0.07194073219559727,-0.09153641071162377,-0.11156634570197738,-0.1341710418252831,-0.15634966667752287,-0.17767717469666694,-0.19956668219749324
1979-02,-0.05176608162408759,-0.1050055467671716,-0.1323122144912372,-0.15992830841468697,-0.1812843705718492,-0.2024234925333217,-0.22309681015800853,-0.2527992591150462,-0.2832959152481509
1979-03,-0.05758689216042018,-0.10484900020414653,-0.12850158475851522,-0.14177254019390792,-0.1655560493965532,-0.1933861637305185,-0.21553429005324062,-0.2358904951677143,-0.25866938844078724
1979-04,-0.01185726742363269,-0.02575497544418473,-0.03839763691212489,-0.04659219998550623,-0.05552221697682408,-0.0754062927906935,-0.09584592232079453,-0.10897143392027281,-0.12332371643533874
1979-05,0.003931364451866176,-0.006848700842173053,-0.016541625803346324,-0.028755924135229302,-0.042122639024257766,-0.05752407252833362,-0.0735287881405821,-0.08728342644524083,-0.10277642967393534
1979-06,0.00038455443621399077,-0.011891207583266686,-0.023042488644217,-0.034254220663594306,-0.046602321160536156,-0.056001942498705784,-0.06691209599629529,-0.08310380604837249,-0.09838449767479736
1979-07,-0.003422123519230172,-0.019814050595791208,-0.035950195628670537,-0.05265958336862876,-0.06582828163839068,-0.0765933271409009,-0.09126605719156529,-0.11559129253218166,-0.14078039827183447
1979-08,-0.019673389872654212,-0.04687360323491119,-0.07210667909396917,-0.10018070155238956,-0.12795875096502568,-0.14678528737364843,-0.1598251455067064,-0.17199102834415286,-0.18545337988496385
1979-09,-0.02653187750125939,-0.054722635196271616,-0.08189396944605919,-0.10351818740286499,-0.12701765284560762,-0.14887339484060702,-0.16970654684935915,-0.18861233523244214,-0.20941294371002517
1979-10,-0.02051472560147799,-0.03791533521047899,-0.05730437173541095,-0.078315034958122,-0.08915577446117903,-0.10690447252749999,-0.12722231916000312,-0.14728036503209693,-0.1698495544005679
1979-11,-0.038930263126988995,-0.07222452985709304,-0.09562074994094805,-0.12142615673108548,-0.130537800016144,-0.14012537708217288,-0.15111595317786009,-0.16598089098781688,-0.18486141708467896
1979-12,-0.029021983966517034,-0.04947231761349502,-0.07512710804404099,-0.09862987285379154,-0.1074054287865509,-0.12428435749263111,-0.14574958626948176,-0.1619845763338863,-0.17409564205754402
1980-01,-0.028786092535556987,-0.045475277108205994,-0.058426387004140004,-0.06654529296324209,-0.07492093318391892,-0.08921134636014207,-0.105367175355369,-0.11970923731770002,-0.13169050568642104
1980-02,-0.0017742298619239927,-0.011457270852582996,-0.026732542838143997,-0.04671247854168095,-0.06090028071245604,-0.07868242665399497,-0.0871695374972489,-0.09526615291048715,-0.10838500785735508
1980-03,0.003772437268860035,-0.010901023222712969,-0.03895923406991897,-0.05889832575456205,-0.06767393499024804,-0.08413227999476786,-0.09869492541407004,-0.10641640215516218,-0.10993653185596003
1980-04,-0.04553003490956001,-0.08155762857704801,-0.12187999698173396,-0.16008559090684255,-0.175405252192182,-0.2013340427297839,-0.22850450147332507,-0.24906317884828683,-0.26534372112808297
1980-05,-0.052725702711608605,-0.09113088581166388,-0.12085313071651553,-0.1504135492838073,-0.16892302297577716,-0.17991300734852128,-0.19616460363695892,-0.21220955932695412,-0.22603277892339685
1980-06,-0.04752568577201642,-0.08734898256001385,-0.12405348687387248,-0.1603062998363785,-0.18932362948276377,-0.21379374254830835,-0.24005298945148906,-0.2634664187553098,-0.27956353065326794
1980-07,-0.05461218491936451,-0.0968661080647964,-0.13819163130491802,-0.17299477121660767,-0.19980701640800325,-0.22939042337024484,-0.25164878211783115,-0.2759815961607033,-0.29868248295204014
1980-08,-0.04589428781601701,-0.08806313056379003,-0.11843102815593595,-0.14728910286252303,-0.17427498014099194,-0.21100622882087192,-0.25871889841028095,-0.2989604969833539,-0.32535216562777614
1980-09,-0.039904465082508,-0.085676829674172,-0.12852259135680605,-0.165852002239682,-0.19296138064804702,-0.22078605871798096,-0.25723293837668415,-0.29422086286996485,-0.3271826583544438
1980-10,-0.018190456745098976,-0.040270459577077006,-0.06018946795298405,-0.09057512188067904,-0.10863577844428604,-0.14818225418904882,-0.17098874550394003,-0.18020241297225223,-0.18859962190352605
1980-11,0.011634873899802,0.008106548879655007,0.005404841055240001,-0.012110854992184977,-0.020168719009756114,-0.03393616311076694,-0.05736451799777595,-0.07244873568766405,-0.08640138513325976
1980-12,-0.016100137249101032,-0.03444846360963599,-0.05117147043361292,-0.07720895172029202,-0.09461052479523296,-0.10753150321225219,-0.129011788089974,-0.15265835275325396,-0.17652647330405108
1981-01,-0.019639515934863017,-0.03846173044568296,-0.059996534249381006,-0.079208334786674,-0.08302364704574494,-0.09856795408188002,-0.11699439480961593,-0.13558498340369607,-0.15681775844453483
1981-02,-0.00928084649744998,-0.01534049143855401,-0.02136903193614706,-0.030714880045229848,-0.03616250233346399,-0.04096090971130509,-0.05026598157292586,-0.058274323205562945,-0.06775528080679896
1981-03,-0.011698408518139969,-0.020323141547800988,-0.028244552371021886,-0.04304173886972204,-0.04832115515516908,-0.06061864243372991,-0.07492419071069187,-0.09163594671240391,-0.10404633731869081
1981-04,0.0037444139663490306,0.0033025802551979733,0.005246535047254974,0.002107860882375967,0.0126386612268779,0.007091240134709131,-0.0007535836862231915,-0.005197517087116854,-0.014184835191564604
1981-05,0.007447480588783001,-0.001633146625750037,-0.006066157852234022,-0.016280144614910952,-0.026940990462377024,-0.036745176073639974,-0.04773102541804902,-0.05710212561614697,-0.07595722026080715
1981-06,-0.004383921609209002,-0.016497916822559938,-0.024653515315905955,-0.03344896444339204,-0.036997801950703985,-0.05167583681488405,-0.05945394688050595,-0.07193792446069622,-0.09940198623190519
1981-07,0.019964150923353963,0.030621852141633932,0.030532975032545984,0.033090308168846894,0.045900010754523934,0.030420594152652025,0.034169833982728826,0.033533097789646915,0.025828090713070184
1981-08,0.04461733911387403,0.06772098421085901,0.08670930151851805,0.1003209853741209,0.11856692464924493,0.12691750284122386,0.16057079811531397,0.1650778791159371,0.136523138518887
1981-09,0.057484333633322005,0.09152755571049606,0.12190501796514902,0.1424019833640351,0.17887800736140602,0.18958380163519406,0.23847082950393805,0.27249688110662196,0.2755763048407829
1981-10,0.048949091416415486,0.08128632836550023,0.11335100402421,0.14489071086111904,0.20451964532397993,0.211821973148265,0.2524136374286531,0.27138769210108105,0.2612566155135011
1981-11,0.03109529538846309,0.053860639902301416,0.07758011410711904,0.08372402800435005,0.09997775071683393,0.10781189896809998,0.138175899018019,0.15087005298410586,0.14865612169429523
1981-12,0.04851117994656018,0.08438315517369174,0.11676566334773564,0.14198510017640797,0.166222948252975,0.1783996452657709,0.217076718225111,0.23634679991170404,0.2502748055198891
1982-01,0.0482441722491222,0.08394377732252142,0.11253955533106974,0.13377470927138002,0.16070038587985708,0.17100295124385895,0.20403291473703905,0.21355627159873986,0.2239975716431442
1982-02,0.052157498936534125,0.0882703122680378,0.11916761966315556,0.14751752724897563,0.17124473325029096,0.1889347770289698,0.22312525854497692,0.22979250552420097,0.24402990437555075
1982-03,0.0460665043113295,0.08277298724395654,0.11538393622880475,0.13710509593196693,0.16439475146999596,0.18417369841868195,0.21841547955937893,0.22325046825066688,0.22295895027615611
1982-04,0.048517301443839506,0.08452172136898023,0.11229766179678938,0.13295587856620947,0.16231833631676143,0.1865227186585761,0.21409136128601494,0.2193853953793257,0.23642725033221704
1982-05,0.043254184495761794,0.07300453512264779,0.09917384267999987,0.11608780851123393,0.136944484310523,0.152599845227278,0.176796919959629,0.19030641965450004,0.2057390116422562
1982-06,0.046318868392384804,0.08286582403095494,0.11149375747140705,0.12742904854014503,0.15982376246507196,0.17834868459636294,0.20340286090006116,0.21489271212469602,0.22224993376469887
1982-07,0.02967689217222398,0.05338420158387398,0.06326061476937096,0.06163677281033604,0.09137980388542989,0.10697145147721511,0.12214245293453098,0.12279702666034388,0.12376887817251193
1982-08,0.020307351722316,0.033604424020389975,0.036558128388494024,0.03621817364336698,0.04935734468845908,0.03557761571800998,0.037918590274824124,0.06031046730737509,0.05277423553482584
1982-09,0.0224496780079861,0.03544878403514501,0.04202018778653299,0.027722610146679982,0.04449845658550805,0.02850251539678189,0.024303915563606948,0.04074023078725303,0.03618533891815984
1982-10,0.009592828472670387,0.010904483889469518,0.0013990920465774825,-0.020131490204912533,-0.005832515543657407,-0.03636237419336155,-0.04828648526168158,-0.044403188129305465,-0.08413488988865939
1982-11,0.006486545576677674,0.005645609568880092,0.004290927031257094,-0.010714175305708853,-0.0026128515898149046,-0.021367416832363942,-0.02033370789502993,-0.011539179534818048,-0.06089735048950114
1982-12,0.0014041707107919077,-0.003286031165321543,-0.011155941363846802,-0.027144472083366747,-0.023759762475081728,-0.04804764412929287,-0.053996592454559914,-0.0549541126411688,-0.10702112879173277
1983-01,0.005508126623558707,0.004147652052854431,-0.002757446061676841,-0.008687382892916831,0.0002633236813401746,-0.012272496499786803,-0.006219488399603859,-0.008243473425139994,-0.051734996644681966
1983-02,-0.00144148374405699,-0.011855624210081503,-0.02345383043606354,-0.04288336239629288,-0.051786700231337815,-0.07489952976733073,-0.07310731192442589,-0.07571482600454894,-0.13152446033141196
1983-03,-0.0047801278086501,-0.017994280791837167,-0.031445158124025444,-0.04880406938088251,-0.06215340448307245,-0.09008477649377351,-0.09283330539442954,-0.10806586095574862,-0.15820992106960458
1983-04,-0.009657361619450675,-0.029566318715859838,-0.04981170787021587,-0.06944931257570407,-0.09190425633191555,-0.12218884251550942,-0.1280825977187624,-0.1534505055854134,-0.2134950899192527
1983-05,-0.014750174972333996,-0.040484150649012146,-0.0675323636808052,-0.09552910485272317,-0.12224873190319221,-0.15568140152579926,-0.16509502880766516,-0.20304883726751613,-0.2566820149175171
1983-06,-0.014020437267684163,-0.040548516171408214,-0.06499159439497622,-0.09014162423145723,-0.1136286708387363,-0.14689713944686422,-0.15041294374207215,-0.19151015181553233,-0.24381895114773489
1983-07,-0.0027143566364280086,-0.013964740523360955,-0.016321138472499983,-0.023706716403984016,-0.035152845226076965,-0.04490083546945499,-0.03767132320467402,-0.06491614920679621,-0.08761072379717104
1983-08,-0.0017486594969609859,-0.008679275772126002,-0.012937005052281972,-0.015567855767103025,-0.023364799105842063,-0.026763391285585983,-0.024972366424071038,-0.05030973614269192,-0.07718856569210504
1983-09,-0.0024667865964308755,-0.011907786753568891,-0.017759383012350874,-0.02208812370202591,-0.030494909521248906,-0.03536179290999088,-0.03098257485245083,-0.062475005330619796,-0.08313323039123001
1983-10,0.0089926482636241,0.010272797598802105,0.014296579036067111,0.017000002716583015,0.019062341300293037,0.022494387275711167,0.030518698234506134,0.013789794303316935,0.00901408741271846
1983-11,0.015767467698975496,0.019110161742642018,0.027191229090657992,0.02294186601144596,0.024901850385905117,0.022078420094043066,0.018249467180984996,0.014063170081306114,0.006007316843135074
1983-12,0.02151208082751402,0.029368222597815893,0.037445838689063524,0.036517616569927566,0.04092308843536162,0.03812634246362766,0.03376267039841151,0.03334314707227047,0.0214693550227497
1984-01,0.021102336973632396,0.02848877439096832,0.03608024296348593,0.04061755202127197,0.047911426391271925,0.05065118397098793,0.054023057770296964,0.06464917159324594,0.04521627540521393
1984-02,0.0173201858842828,0.022539938616449734,0.02970024617989067,0.0288336508112437,0.03207350526362465,0.027179631771663743,0.020623382486357783,0.027931930392471688,0.013609366486790814
1984-03,0.023995551361008394,0.03535815672739798,0.04708282901991606,0.0514290454780989,0.06401367756649101,0.065903429010576,0.07249142304649103,0.08316936431291488,0.0754451919125958
1984-04,0.03211268507979828,0.049962688162437346,0.06726750875202711,0.08017228470830304,0.09633259211458586,0.09907324080029398,0.111409438101809,0.116731822142873,0.11242453447093201
1984-05,0.0527486604035321,0.09301072642067162,0.13039583690894016,0.16257562552740626,0.2021199907490515,0.22092725959897405,0.2585649776297919,0.2913767634616281,0.3051292201224809
1984-06,0.058218989899892715,0.09904813082158084,0.13452068200557799,0.16415456631850767,0.19909874317243398,0.21061573711756604,0.2501552889644942,0.2854942998130468,0.2983670772392029
1984-07,0.0467962333324666,0.07387253765754742,0.09550574861440672,0.109318125980047,0.13307328284746198,0.13712630475047402,0.16624570556750815,0.17865644173802306,0.1841238635750749
1984-08,0.04712681885035071,0.07599405873841338,0.0997638159416973,0.1178002175726026,0.14061888629043945,0.14852989446571802,0.17951972334726513,0.19283897542767797,0.202600771009864
1984-09,0.04316078433641819,0.07157675944131321,0.09461009509862382,0.10871385526517001,0.12811894079592107,0.13392774930581003,0.1561447509725719,0.16215139556513697,0.16936974719563608
1984-10,0.0357371544609589,0.06014278905770018,0.07851509452701869,0.09141647931462346,0.10607840238928798,0.11297451921505916,0.13234557114238418,0.13906783026427624,0.14224072811651486
1984-11,0.033217803505451005,0.0580186522134917,0.08641872694930303,0.10070661434142042,0.12239400014022794,0.14263803894912108,0.15983798732851162,0.16713177573100502,0.16931882630646644
1984-12,0.031659622557082906,0.06333082948461603,0.09551786087617216,0.11805381849474324,0.1536905027814059,0.18477717018596912,0.20757770214731935,0.23101794040252116,0.23191729419258295
1985-01,0.029933740889545188,0.05806632079019668,0.08568472546457749,0.10366319175051127,0.13012753513700948,0.1511708366405196,0.1592659272411579,0.1841559724170389,0.18689059799297164
1985-02,0.03742958396928289,0.0759950240938019,0.11920996154634128,0.15550955385311205,0.200416254382626,0.2431635497177797,0.27740992724756325,0.3191310532577368,0.3427614120931534
1985-03,0.04254753366641158,0.08554747573648737,0.13240822989726403,0.17069584143063266,0.2232899842210504,0.27004760081175916,0.31126821197456006,0.35453224229526853,0.3836886442510606
1985-04,0.0416568125362078,0.08054558421724327,0.12370581209896893,0.15963089107589312,0.21294693189519626,0.25301948952082665,0.29439976415681723,0.3425334009172011,0.36691430351778587
1985-05,0.028325249272417585,0.050854382045971314,0.07672281520489854,0.08795044656092263,0.12359295936672401,0.1418125039459234,0.16340593839582976,0.19606168576545815,0.20996509539712085
1985-06,0.03093836971248408,0.05973076517629711,0.08830661571220749,0.11285900398782994,0.15952485364171215,0.18087024260034384,0.20570737818035706,0.24329162445875024,0.2612724498698717
1985-07,0.03541692329327259,0.07065128971353654,0.10777377340148583,0.1344352921970414,0.18103533885352466,0.20084824081156713,0.23309301298713755,0.26475310927687445,0.283342949658142
1985-08,0.04079645611048592,0.08037524905032079,0.1187929195335436,0.149916449490272,0.19237810770311825,0.21534125248925412,0.24380385456659243,0.27477646865506006,0.30183696617244066
1985-09,0.036848562880637814,0.0682838514955996,0.10215452973779038,0.1271994165182636,0.16423944352606368,0.18090720727096443,0.2104075256791894,0.23544616358142456,0.26552926314916725
1985-10,0.03466106852841913,0.06704359208625321,0.09848648627210524,0.12838677529007814,0.16255163987774918,0.17492443146789233,0.2019425265771328,0.22374039062881285,0.2532649887923217
1985-11,0.0307402576739831,0.05987655295781079,0.09112038202694976,0.1195373957635454,0.1497567115620469,0.15969825853181968,0.1835463286580475,0.20566524055881247,0.23715676228696986
1985-12,0.021501694237239813,0.0429510237970855,0.0661982301175539,0.0864737886257423,0.11001410277091263,0.11108627624185753,0.12359544481677771,0.15009458781817847,0.17688191261700786
1986-01,0.023108039732376406,0.0460222498491521,0.0697235653592449,0.0927488419890663,0.11779389911298299,0.12536055766602772,0.14816830049560537,0.17140028392054563,0.1953879588183055
1986-02,0.0191682656547891,0.03491893659041881,0.047069906928560584,0.061512602661162846,0.07242998851850316,0.06621683114814328,0.07603348817118052,0.08350919700205253,0.09171917043253044
1986-03,0.009320401563496103,0.016751084347303172,0.022241205228829983,0.025795364285557607,0.023241867338362407,0.004345696682516373,0.0047045341652555,0.006757084216049911,0.002223317657351051
1986-04,0.004451550065005583,0.0026585082916722735,-0.0015146786307806137,-0.005441117249642913,-0.013772848840343022,-0.028345536524850223,-0.03542461346339215,-0.04635266305798341,-0.051820619061924866
1986-05,0.007830300955242814,0.012029146792834622,0.015403367587076,0.015833343369372727,0.011266539140561332,0.0036060532723632133,-0.00014657365909795383,-0.008160877786915849,-0.016810163515604354
1986-06,0.00414635232679339,0.0055722408397984174,0.002494567058159383,-0.002303131613143647,-0.01316593890597055,-0.027169086474211943,-0.03769557801324884,-0.04914461149365011,-0.06108461901251126
1986-07,0.001198960833750505,-0.002090663045655007,-0.008965242866384594,-0.013455002731087386,-0.025642722470789227,-0.040454161836116366,-0.04899274960182585,-0.06000671011341161,-0.07205588481365552
1986-08,-0.007904188095696693,-0.021332119362275484,-0.037725175785733714,-0.04654936036501871,-0.06864320278448847,-0.08410364934250907,-0.10399772132426126,-0.12336996719745023,-0.13826262973106956
1986-09,-0.008778328802340904,-0.022932795409908585,-0.0384212095219347,-0.0512776933364715,-0.06905835633849697,-0.09091328009708258,-0.1099443257600006,-0.12898808417865462,-0.144751708464141
1986-10,-0.003755872251006702,-0.014167833174345924,-0.02681775852369509,-0.03725659307436805,-0.049185864728325236,-0.06588402490298109,-0.08457601291567521,-0.09519801753778415,-0.10086358392491526
1986-11,-0.005717722146990109,-0.019533375657283886,-0.03268890666067495,-0.04708983421477739,-0.06139191932993751,-0.07859401596586782,-0.09935421740677344,-0.1172974184358854,-0.12740239079459906
1986-12,-0.004897036292812282,-0.016635356652557082,-0.02846736380353157,-0.04239051336931629,-0.05394539484957653,-0.06793256905412468,-0.08682870197707235,-0.10043381281213423,-0.10947024841880279
1987-01,-0.002046530489729602,-0.008225146558600911,-0.013735340610305992,-0.02114615560322012,-0.028783292767340964,-0.039751911317101964,-0.05283973762538317,-0.06115698504614884,-0.06324999734310519
1987-02,-0.0003769078697687042,-0.005429297667993084,-0.01091125532254842,-0.016512146623028058,-0.024828844494969006,-0.03490430696353578,-0.04803023304047597,-0.056730348336157345,-0.06160140770551951
1987-03,0.00022582964258050647,-0.005933658248786715,-0.012734793451352082,-0.022061731703400637,-0.029121484964493398,-0.03976814760202862,-0.05635105642651838,-0.06510323608598112,-0.07224570548971221
1987-04,0.00693264828085971,0.007195995522940812,0.005686106764575399,0.001395813502149651,-0.0023659393883020685,-0.011305883359115282,-0.019830941617854564,-0.031358374984786413,-0.03694212025813867
1987-05,0.0055666231678048045,0.004192929569212994,0.0013281098615097187,-0.003414452116566352,-0.010497306042552751,-0.017733528202303922,-0.02481779553540356,-0.03388451648126836,-0.0412889594067303
1987-06,0.003906530549786097,0.004729896541460596,0.005208077452369106,0.004328900381777898,0.003205566034510929,2.993323128668013e-05,-0.002254024494373133,-0.006682444713591321,-0.009660675380192732
1987-07,0.001568897813864989,0.0011024196928999253,0.00021424395055663625,0.00028360893212092675,0.0008776004165880202,-0.0016981256029746095,-0.006002812859923268,-0.007261452304352434,-0.009800101445204323
1987-08,0.0016369654231309094,0.0021389706526147995,0.0016365049047469965,0.000633218692865492,0.003666156157453096,0.006747742234686341,0.009972969110801713,0.009166030033392239,0.011010608872683694
1987-09,0.009850851704366795,0.02058914098718441,0.03161685632875129,0.04001606658805708,0.05468756312663921,0.06439668121133625,0.07630232359224144,0.0872838609125748,0.09729869166696482
1987-10,0.003712140112642412,0.009118376716309981,0.01865378979702302,0.02613352856293598,0.03722680108716807,0.04677059802038895,0.050099751808739254,0.05187397318611241,0.055392728326084203
1987-11,-0.002341126265115498,-0.004118088443128345,0.0005418459947941906,0.004437181931063142,0.012295233851960422,0.019630733534192105,0.024913076636237777,0.027992077458894107,0.03199062862468495
1987-12,-0.007003039469115693,-0.012406202800765112,-0.014374982452310961,-0.014386299366440106,-0.009108565600368393,-0.004883255563193814,-0.003043169958096517,0.0008621231071282848,0.00781743083417795
1988-01,-0.013457035630838096,-0.024774044551900784,-0.03261254963151229,-0.03805251869661859,-0.03489274620522083,-0.033870438304756514,-0.031982551521932814,-0.03275933268500737,-0.03039605724657031
1988-02,-0.018765301333185505,-0.03526925691691109,-0.0479955223758453,-0.05760549883693365,-0.06032722380944926,-0.061537908825461216,-0.06272657292617016,-0.06450356713527665,-0.06375725737652009
1988-03,-0.018053237191950885,-0.03168574890937442,-0.039372566761399524,-0.044166632534594935,-0.04287401772949359,-0.0338696362958307,-0.029403132293955275,-0.026192180113207203,-0.01985765601797415
1988-04,-0.009571834735642493,-0.015652496427741303,-0.0159258937205497,-0.01583953919838793,-0.00984363967261781,-0.0008621486932958722,0.005213693678745079,0.013127290347028697,0.02274984143724529
1988-05,-0.0019865025030623013,-0.00020211329148071833,0.00577579079781966,0.012786731195595716,0.022572809688532883,0.039835130865586835,0.054167515745999054,0.06725703764576658,0.08103848396349052
1988-06,0.001659495578868589,0.007261644526054781,0.015305970484707401,0.022093252702846386,0.036114717683738626,0.04753353709015905,0.059195043515281584,0.07209447546483648,0.08439334792936913
1988-07,0.010072820543014574,0.023199370016064536,0.03800302860054289,0.05339290613829739,0.07237226305764632,0.08871079497321344,0.10559847516146847,0.1209076858210757,0.13465077890865496
1988-08,0.006173701588565922,0.011454924109858142,0.02206159158118616,0.031961348903321044,0.045969031815032105,0.05762713377520985,0.07186713356464532,0.08570104848950406,0.10014655149666703
1988-09,0.0014562675949529036,0.0027391712547417124,0.007928953058860072,0.0129897602991918,0.024428125153593883,0.029604477809320295,0.038981585450601874,0.04931328461719581,0.06093694721204007
1988-10,0.004368039409601898,0.0093976955118798,0.014541189519702985,0.02064389397147351,0.0322419601063367,0.03982673106166476,0.05067900374929532,0.061253919917077265,0.07186627386572028
1988-11,0.011685861279856796,0.022023211161780715,0.03343901910283539,0.04445127599273782,0.05934189416502525,0.07006685924780656,0.08271851363133434,0.09486996502990055,0.10698764163211696
1988-12,0.01263843227546449,0.025086090125566896,0.036024312282217086,0.04702564413938687,0.06250932365431305,0.06957242535335484,0.07997675361986534,0.08767968197609499,0.09385766129138728
1989-01,0.00901578021054858,0.015583499310797805,0.02095199242300866,0.023916516599980064,0.030260344763556546,0.03210538441792837,0.036614610768843814,0.038001852748151654,0.036986556525368475
1989-02,0.013335765124153076,0.021329225201713625,0.029112587034296006,0.033021933131791664,0.04014689614823816,0.04489250354395399,0.049751201479458634,0.05356483720121094,0.05630356262064659
1989-03,0.012307690199643812,0.019229329264422987,0.024401022463187136,0.02895065849819227,0.029033023514772147,0.031745129470643826,0.03577187303722122,0.037312432138331283,0.036670596638193206
1989-04,0.0050891577907200974,0.0033391135129697824,0.002070273010279844,-0.00027251493244700997,-0.0018950503038867583,-0.0029756376872330237,-0.003289863413701244,-0.005587127820570081,-0.009219947279812624
1989-05,0.004543135411821608,0.004748199280581067,0.004385421464507683,0.003584359895974193,-0.0013625358755696426,-0.0027623111012376744,-0.002938674323664875,-0.005042371395114736,-0.006825963925249673
1989-06,-0.0011696562985303999,-0.004539251101693176,-0.007656455037359539,-0.013287247434658284,-0.015849022580404576,-0.019156885268716145,-0.022784215815986414,-0.026220698703882522,-0.02904095852653385
1989-07,-0.003444646021142181,-0.008358311605061106,-0.014653176756568173,-0.021742616544652413,-0.025224567832531783,-0.03018464245586798,-0.03448331775587714,-0.03913140579694156,-0.04209528082257667
1989-08,0.004775459948285779,0.003947690606309104,8.748700160422784e-05,-0.009138020032424185,-0.016169950382862383,-0.02482836570624923,-0.03492666846080138,-0.04585618174231519,-0.057560170784306516
1989-09,0.005892065471844288,0.007235151224312231,0.005360227215718688,-0.003856606872525342,-0.008557864355899641,-0.01759145099503892,-0.028495907410052618,-0.03935087139806939,-0.04954704366104204
1989-10,0.002959374826778799,0.0018537379439922952,-0.0018564488532402945,-0.009835618215418868,-0.01688461536359062,-0.027813270840738896,-0.03980322221783192,-0.052420434511007724,-0.06376705933326829
1989-11,0.0030996077795868993,0.0037694597227526105,0.0033892207326946533,-0.0019219366394332138,-0.005957062509595407,-0.013683252716812283,-0.021715285298165715,-0.02931828966391961,-0.03390652896647142
1989-12,0.008989028462990684,0.013479009573210382,0.014363875546623855,0.009986048308981671,0.012069148509682132,0.004655834046743218,-0.0037233246984712254,-0.009441639057274104,-0.010698410323186608
1990-01,0.016489160426381197,0.025796641169007706,0.03309117386060334,0.034947930567545804,0.03667000361411893,0.03620944936468212,0.03504647409551104,0.03493887932314238,0.03752158487867968
1990-02,0.019728881672613482,0.029893874034044088,0.038765012058391335,0.041242273901989035,0.04265255933859785,0.043919963103834114,0.04326684169503198,0.041806709271813014,0.044444301298567856
1990-03,0.022878796617845712,0.033578531679602105,0.04154385333459175,0.04297175722524067,0.0436495528823795,0.042343498447777475,0.04233240677436291,0.043728336786872615,0.04751218405749759
1990-04,0.028239701777323198,0.043583910617025004,0.05728054630426037,0.06297229241481588,0.06768326923607702,0.06898050195686876,0.07207175626495275,0.07711062557306057,0.0840530488220007
1990-05,0.023280779076955888,0.034804401665332524,0.04452379799771769,0.04621169005794101,0.046191863552696055,0.04354419389119041,0.043223657466390175,0.042833735568378384,0.04441426056080405
1990-06,0.018790424377250772,0.027594818256359524,0.031019901370032146,0.028238154164291804,0.025507137433759805,0.02129288866763028,0.017910576822081234,0.014000511998982265,0.013225154982172624
1990-07,0.017446507098577313,0.02462722429661998,0.028490606740752017,0.026851112768285446,0.024552061200477593,0.021404407920304624,0.020177077865692117,0.019202909478339025,0.02238309662684268
1990-08,0.024141076067088096,0.040827738577367906,0.05602108953249457,0.06303390673310769,0.07036685756162994,0.07477636197166962,0.08013988322370999,0.08841385335979365,0.09966982080543094
1990-09,0.026070618249073085,0.045146878595226564,0.0639191977264165,0.07481260292036637,0.08667464046618914,0.09502979051466545,0.10401292530625847,0.11409616571825085,0.1241073194134725
1990-10,0.0270324429118681,0.046973868617899914,0.0645381094948208,0.07403812580011346,0.08453733825872392,0.09004585350969593,0.09741514474484866,0.10461051000941676,0.11152909741012737
1990-11,0.027962578945838493,0.04687163433852501,0.061365081760049595,0.06693551808144929,0.07620402707941479,0.07678980237046881,0.07860302169342151,0.07712525104527237,0.07354606927739818
1990-12,0.0313039098210416,0.05526971241013308,0.0739680507915052,0.0827056320777837,0.09615997739428428,0.10637115321624274,0.11487003465484513,0.11973055864273907,0.12434567932693719
1991-01,0.029377637445980195,0.04703156592122368,0.05897904571514949,0.0630054286339118,0.06802669249263217,0.06800251506129375,0.06926201297907476,0.06881064350885337,0.0708674722089986
1991-02,0.029020720801403402,0.0457881157661338,0.0572737452462571,0.060976872047618466,0.06575313787326063,0.06625433846782124,0.06869426763343776,0.07133826043489787,0.07848789742767447
1991-03,0.028454480910629992,0.0417915139469168,0.04981073962217297,0.05183564744169156,0.05881063913040219,0.05604785757096159,0.0571892259977031,0.056665888764958317,0.05901990070173707
1991-04,0.029723118017913115,0.04327607599410999,0.052486530410787526,0.054555288547487375,0.059412673502408815,0.05709637924168499,0.05586031959676586,0.052015912399900895,0.05032464397632631
1991-05,0.030325841446061187,0.04732116926344882,0.06143394059417757,0.06827979119666122,0.07558069758321784,0.07948630708836174,0.08048620720274768,0.07896302571678881,0.07593249574799188
1991-06,0.03341095807855479,0.0591678196141614,0.08005545235770126,0.0907713942663822,0.10097304519004732,0.10576500767455724,0.10966977161049027,0.11050588782526158,0.10728755294503775
1991-07,0.036349965249643096,0.0646445760130889,0.08846948647432148,0.10262993498929449,0.11584559550150564,0.12470787450510995,0.13411304306771554,0.1395751479096135,0.143577200691331
1991-08,0.032844619946190604,0.0596134468718877,0.08264916661960969,0.09463337399134059,0.10805728730268188,0.11318880142000193,0.11779252626391368,0.11877229193592248,0.12164642695038114
1991-09,0.03323437109818441,0.05919614377214278,0.08168545680581119,0.09254484634781687,0.10414705960988987,0.10873368699009248,0.10876095766192403,0.10816813513201765,0.10954930704124902
1991-10,0.025310204576574687,0.042094046689908717,0.0569733007504448,0.061960800168554216,0.07295189897337981,0.0782900436459982,0.08120855520360751,0.08018710617427274,0.08569230859224822
1991-11,0.019722328405076997,0.031786161300413285,0.041936904227665675,0.042852960242672086,0.052581956578834146,0.05809686590249753,0.06591524272971046,0.0756620900703326,0.08744047453981181
1991-12,0.0162840593028247,0.025738407865258384,0.03297455243114851,0.03245035284413385,0.032931352556313034,0.03239875875395977,0.034484516907096155,0.03972509326938141,0.0540837154272696
1992-01,0.0237899281697763,0.0452997773679901,0.06357138582637034,0.07586701985268968,0.09008648345428491,0.09837294332923821,0.10934485131408592,0.11440868238707477,0.1233323492033804
1992-02,0.026544130864060093,0.0531983359874447,0.07834881657082879,0.09265944835028506,0.1099880614525228,0.12309241575209792,0.13247997126693364,0.13252178463106826,0.14168508845508945
1992-03,0.031322709205961384,0.0633519313161498,0.08941951359664738,0.10404563670777764,0.12469350814109065,0.13668625636825893,0.1461587194361781,0.15281240437137034,0.16259558377567923
1992-04,0.030506209635768,0.06312650207351819,0.09047235829754738,0.1094564981207577,0.12926328680298108,0.14296480767179912,0.15622284080814067,0.16628428481303084,0.17583980461306556
1992-05,0.02344104458110559,0.047868867638612214,0.0697595843749832,0.08658008276485313,0.10269241987159594,0.1173252976680133,0.13056912810492016,0.14215655553308126,0.15091459206640317
1992-06,0.020138301670822506,0.043082062177303704,0.065721806699405,0.08577926304579081,0.1059472833905479,0.12433970445018214,0.1430913000143387,0.16048081309536613,0.17326651755035985
1992-07,0.015172154197668812,0.031301737013339,0.0490591152135376,0.06445934917871501,0.0802896166147063,0.09310885266381647,0.10880391028981029,0.12291630812302401,0.13530521007086055
1992-08,0.0134878819422233,0.031411101660570484,0.05236100013888291,0.07139369629810026,0.09297832258791518,0.11153538850797769,0.1304597245936911,0.14675675492537021,0.16161030735474835
1992-09,0.010579308496282497,0.024305714227789627,0.04099344457444282,0.05811961965180293,0.07871558014067939,0.09921809599392595,0.12103546186592373,0.13927099174043228,0.15531038228716798
1992-10,0.017199260154757395,0.0369431958256285,0.0602127789619484,0.07895664384597842,0.09999997434087576,0.1203579228060862,0.14439715750733384,0.1641727450750547,0.1829325004737593
1992-11,0.020487536375653405,0.04117988851447052,0.06355495880557627,0.08025246362773661,0.09819787798094334,0.11277673122272466,0.1251107000898404,0.1333604261590363,0.14872271538910606
1992-12,0.017063654379256603,0.0355696809547434,0.05593571956777971,0.07195453611882946,0.0870829919472875,0.10046911861535932,0.11106799734485576,0.11632291639257933,0.12778237518967098
1993-01,0.013606746789516296,0.0277679001366498,0.04215852844144727,0.0564985475208436,0.07248108100819514,0.08552609214696691,0.10106081998941438,0.11079704129815379,0.1197062406759962
1993-02,0.004118079473537893,0.0066324299513402865,0.013015399932261758,0.016964482501135143,0.022327603491428046,0.02710700757049562,0.036101741740836586,0.04139630277929413,0.04135755148346305
1993-03,-0.0002534130633002063,-0.0027563277717803855,-0.004705485432984928,-0.007864275970521688,-0.008549749049260334,-0.008032100944990704,-0.007867605371757035,-0.008910477420359574,-0.012051464864713445
1993-04,-0.007112553494211103,-0.016046632079272587,-0.023210361500953784,-0.02815796235256076,-0.02897412113744876,-0.027499038167658772,-0.02467568208804679,-0.027016365203998437,-0.03375985495979863
1993-05,-0.00534882055253031,-0.015053775183775403,-0.022826365981958766,-0.029162760448655803,-0.03243401372247752,-0.032044217872600936,-0.031602002982473745,-0.03503175327278048,-0.04046461902570948
1993-06,-0.009386827649206293,-0.02376382765084792,-0.03766383497779732,-0.050523822720139056,-0.06046455469937356,-0.06937262214504081,-0.07589010762711967,-0.08369624463454223,-0.09560255864913342
1993-07,-0.006785206770659899,-0.01807180899672617,-0.027457073714002786,-0.03653359592223311,-0.04475888845577154,-0.053058019912847934,-0.059311519201762544,-0.0664143171698436,-0.07587717339741086
1993-08,-0.011887229144926507,-0.028856319097160195,-0.04429859066617859,-0.057072280197736254,-0.06917602318899396,-0.07898029489234665,-0.08786822697668861,-0.09801046059627572,-0.10935881021383509
1993-09,-0.015651208971834807,-0.036114375338633084,-0.05630240192625853,-0.07657257552259213,-0.09385222281001336,-0.10964412695848323,-0.12453442558469872,-0.13942090591001938,-0.15280028980368265
1993-10,-0.016252263118732513,-0.039782833239852815,-0.06140027884493012,-0.08262215681540536,-0.1008970526926955,-0.11715529727579643,-0.1344047722518617,-0.15243936297927252,-0.16913973353508205
1993-11,-0.020042324838777208,-0.04504611468474188,-0.06510996466376973,-0.08194747899620697,-0.09553900374277896,-0.10458798906318234,-0.11290153708605744,-0.12318337384507072,-0.13769925456003684
1993-12,-0.0235853141231677,-0.05031810734824712,-0.06874454594628346,-0.08364391403255228,-0.09692939691586056,-0.10609376613202454,-0.11302847611059857,-0.12344455334410281,-0.13021927814753415
1994-01,-0.0209969145121272,-0.0444656099491326,-0.06361995202966969,-0.07989877003404264,-0.09409996355369313,-0.1025971338368177,-0.10957013733306528,-0.12101950575444206,-0.12921390440220845
1994-02,-0.011000816856317097,-0.022970361434035497,-0.030375603871984708,-0.037253830799233584,-0.04152551651235284,-0.043692557091454615,-0.04618785327483679,-0.05014369454467757,-0.051195580164456994
1994-03,-0.0051750430619790025,-0.0089287318652587,-0.009862006227836208,-0.009592532543647121,-0.00849607945848408,-0.003569503322620189,-0.002523217547118102,-0.0021052503551596893,0.004210152801124738
1994-04,0.0016070228177657991,0.004131533424789113,0.007960136676572,0.011210353292158054,0.013748996128615437,0.0193595933900447,0.0243512166523753,0.02910065628405331,0.03494632708597176
1994-05,0.00847196636206509,0.021308869484157257,0.03341126900121532,0.04526796908082,0.057489764302350414,0.072164704506474,0.08400065055083289,0.09353965386141616,0.1046983882782857
1994-06,0.011251801135609717,0.025055053978719828,0.04113927256413851,0.05559585065920022,0.0714058600251484,0.08702761793525995,0.09930984444948251,0.11328238464059029,0.12834750098457168
1994-07,0.008976421626988584,0.01820699711900009,0.027821832792926382,0.037026365929202804,0.047492189595928436,0.05681557791393288,0.06670241057816578,0.0753120643143777,0.08474878647913459
1994-08,0.010469205055419512,0.021353464744453085,0.03301653952047465,0.043819265257925455,0.05663517447702843,0.06957703831538631,0.08183503063953546,0.09161370544069586,0.10100201723742536
1994-09,0.014538434149606386,0.03074903732860232,0.04913616174462092,0.06529456226048976,0.08174495547337916,0.09846009703435625,0.11784826399913977,0.13316466704192026,0.1473615642065786
1994-10,0.018361454893983505,0.03927290244249603,0.06068638084246015,0.08015928892885738,0.10086112740943015,0.12074513399419845,0.14185596379577797,0.16068830670064937,0.1788727883126735
1994-11,0.024775564814597403,0.05193612328475512,0.07639109609404153,0.09835316425088482,0.11934151533077635,0.13816110065407172,0.15551231878519195,0.1778273472322649,0.19843210611425616
1994-12,0.028603405648520402,0.05656870913522816,0.08127011761075181,0.10218489005222486,0.1214026233078011,0.1420672100723263,0.16483550681373738,0.18130839203669197,0.19929996878149575
1995-01,0.026241029769179608,0.0535214729271799,0.07843833958310895,0.09881886985487356,0.11706467726773936,0.1348748561877641,0.1511600000541072,0.16536531519347855,0.18124928511637642
1995-02,0.018466788239594717,0.0339392055491356,0.04887993700570839,0.06132618422254754,0.0746697462712558,0.08694978472378326,0.09109087032702848,0.09584636513503311,0.10449871745225517
1995-03,0.0157785398360758,0.02695648978722602,0.03709682927417851,0.04624150262707827,0.05548004793643341,0.06577253989056508,0.07041096614787173,0.07428240241224171,0.08322503548952409
1995-04,0.011773810809416987,0.017797697235555424,0.0223616205464814,0.02614621565637519,0.030047168893199902,0.03414160955910277,0.038787866269061985,0.0401720498024775,0.04595794132813573
1995-05,0.0012304264512735114,-0.0038175363365050147,-0.010181891749100488,-0.017882033415276347,-0.02287564540188093,-0.025853874538264335,-0.02909905354074467,-0.032448371924889044,-0.03382183317730704
1995-06,0.0015998327886972072,-0.002781266754081191,-0.008056779792146584,-0.014182180621529483,-0.018530388248636565,-0.020175628788982658,-0.021640369941406723,-0.02737828520821467,-0.028023236134953666
1995-07,0.0019480012156532917,0.0005038520594613932,-0.0027009085416692807,-0.006901291733268464,-0.008866338741106247,-0.009064361154018138,-0.008405908373204526,-0.009812867979830872,-0.00924031223628656
1995-08,0.0013111827626392097,-0.004309003845311778,-0.010794348649138676,-0.018572474949079466,-0.024156479532233745,-0.028847411656553336,-0.0322072780279594,-0.03513178930861958,-0.03923084305263944
1995-09,0.0025405395005883916,-0.0015068139139645179,-0.005956751969902786,-0.011478426973121882,-0.016291810560210764,-0.021180378742633378,-0.0245087469930512,-0.027792085095996434,-0.030894865460889966
1995-10,0.001987101587184091,0.001236479976616571,-0.0005429821054723158,-0.0049555395813496925,-0.007016714576121345,-0.009565533200118263,-0.012984512314721357,-0.01532026873549041,-0.016148369676886258
1995-11,-0.0003452246631669084,-0.0023362002391797143,-0.0040841383566278255,-0.006992315176636205,-0.008811458223913077,-0.008447859514012585,-0.008881858886024746,-0.011216848698165555,-0.014248488395871978
1995-12,-0.003760408304126703,-0.01120797638262818,-0.018769597631312022,-0.02699778213922934,-0.03421770114913022,-0.041836959838434794,-0.04789605573719715,-0.05466857656054271,-0.06209212811971756
1996-01,-0.006160382428797913,-0.015293988438276923,-0.02333010918515452,-0.03161850543301695,-0.038910986102737494,-0.04351994272844287,-0.05013245098841565,-0.05583628261365256,-0.06231737686084746
1996-02,-0.0007611301454321026,-0.0061817743551706925,-0.011138997173406918,-0.016584882970789173,-0.02131879541190449,-0.015973329541061156,-0.015796780856338767,-0.015185253294644575,-0.015434795531540903
1996-03,0.0006179361818959908,-0.0046359723012466825,-0.009721938000261415,-0.016518306918352793,-0.02211896694323498,-0.019274373961283425,-0.023482750423423154,-0.026067713951845456,-0.027126553501455625
1996-04,0.004914357274876303,0.005164351828602171,0.005312047377529605,0.004198949879630098,0.005450106817153244,0.00797996647557242,0.01010731563561601,0.011384891097866057,0.014445450691323247
1996-05,0.008191165465589886,0.011982838493802606,0.01551893981055412,0.01642880505532944,0.019767734818210245,0.025893634875302926,0.028710615104575885,0.029776142380245216,0.03338898652298143
1996-06,0.007128609106823704,0.0105234454911814,0.012549263927578137,0.012991815379461598,0.016393560811964643,0.02139481889216211,0.026250794836665543,0.027329740057015613,0.031167991623895615
1996-07,0.009389026094437605,0.018500739480603184,0.027489929857737794,0.03502253564914051,0.04328463622296294,0.053093107611813656,0.0625362247987333,0.06890754861944673,0.07249483505847928
1996-08,0.010323892002812508,0.017824887881789493,0.025131184906535105,0.030032716698175733,0.03747228352579413,0.046215066350354,0.05205458204326458,0.05750688676792615,0.06057828972793889
1996-09,0.008408040125358923,0.015214048402075797,0.02245950639038466,0.027709861048608203,0.03486374395030262,0.04289644962144523,0.05116811101093388,0.0572570945859176,0.05974913297796952
1996-10,0.004244945328584396,0.008982648368304424,0.015120768990410705,0.019662991792723794,0.02614137901123742,0.03450958597688619,0.04140643960437229,0.04661312207675433,0.049186743283259726
1996-11,0.0005718409567220945,0.0005190066321609163,0.0022514846370203026,0.0030496531654717676,0.006259935475092994,0.011288812276373829,0.016252510929880427,0.0217007678619777,0.02478893354235221
1996-12,0.005593563419950293,0.01219789567801332,0.01951817968714669,0.02596186620218887,0.03455236702530317,0.044224586289768435,0.0544300677036289,0.0627771689699545,0.0693806281374848
1997-01,0.008414813582562485,0.01920601673535121,0.03099156729255672,0.04101829922701821,0.05355155320067389,0.0667319218685618,0.07659747530552252,0.08705930872430895,0.09709837695487711
1997-02,0.009050587690129494,0.01862580525238744,0.029499716633156717,0.038179440287621616,0.0481651643340761,0.06175337054781145,0.06985489316659656,0.07968667933514596,0.09192568642110084
1997-03,0.012716313735266403,0.02561474809385019,0.03879279100730581,0.051690428605725834,0.06552627713928136,0.08011147855629777,0.09294289718864909,0.104449346814352,0.11778557647706536
1997-04,0.010721317642473312,0.021340306720870707,0.03285240548202959,0.04310406484097324,0.05570698027014343,0.06753328155016969,0.07908921871306718,0.08873105139605691,0.10051258194912571
1997-05,0.010003259378367595,0.02079839559503901,0.032353705435670295,0.042054091739263784,0.05435176623001237,0.0678525051214734,0.07995024947976909,0.09089733035342318,0.10283810468784493
1997-06,0.0090578025895195,0.018848267031033004,0.029767433524157665,0.03963878084981969,0.05206659340727814,0.06509310894671771,0.07747441020156626,0.08821247936945659,0.1008927724735264
1997-07,0.004285345334962491,0.008316236175646197,0.013098996315850056,0.01762875985499164,0.02460327210096426,0.0313064840684258,0.0399469161122797,0.046763250631850786,0.0521560805892657
1997-08,0.011704842119616803,0.02755963391983777,0.04242057862533762,0.05625602331438636,0.07210497283002135,0.08466874298590366,0.10126228594839165,0.11439393481969418,0.12707952948667178
1997-09,0.014152188693838712,0.03218116473642963,0.05099572558615461,0.06880541509701624,0.08816764962763557,0.10591748862243405,0.1271530886233161,0.14220136564713537,0.15567573313820765
1997-10,0.01332654374408529,0.028740272690831098,0.042909342700990005,0.056385661822014405,0.07132138785304212,0.08038998914252349,0.09731391366067638,0.10640731094303496,0.11230938237533883
1997-11,0.01254072978043231,0.025823222291632593,0.038790927205442395,0.04899931089674068,0.06142421595471879,0.07042882003383563,0.08321092199435695,0.09020344773601627,0.10078949381868804
1997-12,0.010801852622575499,0.021708910240064987,0.032300191387313,0.041249447849705724,0.053225583553144974,0.06157230562188879,0.07313175029156668,0.0801228356692251,0.08732309062748275
1998-01,0.0069242360081819,0.014068410929539768,0.022986517793919886,0.030293397777158615,0.039690818153912705,0.048679566203082975,0.058036788800939626,0.0655326174048175,0.07351099118199364
1998-02,0.005811898737064593,0.007798932401887608,0.011350771614588494,0.012675895644014966,0.013410818960142366,0.017071766524793995,0.021425993615302306,0.023578369626069927,0.026462522374703278
1998-03,0.008078952068097701,0.012701970505260396,0.016413723431171978,0.018393153193301814,0.02163178476806557,0.022897249444042284,0.02485439680088916,0.027024177812980138,0.02972118989795422
1998-04,0.007937826131761486,0.011183652339629917,0.01476686428558021,0.017355396932811483,0.02032201520857351,0.023127828107111163,0.025717412282171108,0.02776826556117034,0.02955181521105526
1998-05,0.004699385196464109,0.0034120419026045234,0.0016005750099707117,-0.0023431202445161337,-0.005956589072607765,-0.007705789081376591,-0.008503421660669142,-0.008974511857490763,-0.00887908554894773
1998-06,0.0031364100887383978,0.0007319904698762092,-0.0020588572320105053,-0.008082987171160835,-0.01546598311030821,-0.018659069490967947,-0.021718926210032893,-0.027534476667083682,-0.03232540010168443
1998-07,0.0025176490730342976,-0.0015189381439323982,-0.005488216886984219,-0.012831081346679395,-0.020834600787366063,-0.027400988925433988,-0.03283669350412834,-0.03776776069320439,-0.04100175040952916
1998-08,-0.0071771357774382885,-0.01726784963812221,-0.02809474045060928,-0.04159511707518712,-0.05293575207814738,-0.06544762213123112,-0.07566351802107979,-0.08460995042021818,-0.09060070153025129
1998-09,-0.01132856402447651,-0.026698549996914504,-0.04257927803745876,-0.05978594028584908,-0.07869686726147804,-0.09784310071870714,-0.11183793403315903,-0.12346309171178874,-0.1312143227696664
1998-10,-0.013153644868636308,-0.0290510975070881,-0.044508451085977986,-0.06192766766448158,-0.07491969277748209,-0.09108477824875524,-0.10198809041218884,-0.10892845348643013,-0.1146546929415603
1998-11,-0.012932395419683891,-0.027751916288740484,-0.04081575569313522,-0.057150367469466105,-0.07292230610585293,-0.0884244564686471,-0.0997212770436422,-0.11395589677676682,-0.12683118101186208
1998-12,-0.013715506587421385,-0.030572563932944684,-0.046934173730163405,-0.06646723895152346,-0.08576451866437651,-0.1028232477955941,-0.11733078725680512,-0.13094341039467028,-0.14128813676229773
1999-01,-0.016452236167885194,-0.038661441881726405,-0.05857521860913323,-0.07855326107771105,-0.09863777317049954,-0.11660341230435234,-0.13184628332034726,-0.1461174267052298,-0.15785667788617092
1999-02,-0.0091690288238927,-0.022201190766236695,-0.033956496036435385,-0.045539333179083125,-0.05792953304888712,-0.06884176894625751,-0.0771629143025632,-0.08418397645570483,-0.08785258315665154
1999-03,-0.01114080317779869,-0.023301159242689683,-0.030961331494814802,-0.037266037237860476,-0.042019242809024686,-0.045426519134681036,-0.047530103851838416,-0.05019908229749192,-0.04929321627790289
1999-04,-0.011392097179782214,-0.025207552220580333,-0.034737239733383836,-0.04369358593914064,-0.051501813693031646,-0.0577384374526182,-0.06228129797230642,-0.06383398425303133,-0.060720666377485195
1999-05,-0.008657414893778706,-0.017129943148946586,-0.021677537417726628,-0.026296368972047512,-0.03025035531041631,-0.033026660423457144,-0.03515823631510079,-0.037609599402982474,-0.03828718829131028
1999-06,-0.005992407512316,-0.01102845234761407,-0.012316998693666259,-0.010831344361148382,-0.011959922754727736,-0.014298397562485243,-0.012456527701659503,-0.010403143308248985,-0.006319187020203898
1999-07,-0.004070209030374784,-0.005905457932771287,-0.005379029880219079,-0.0022780477916823985,0.0006940810864768041,0.002760916213184382,0.005546891374903627,0.007506504297745763,0.012666603790946217
1999-08,-0.00288495787161349,-0.002030155103106633,0.00237384176932421,0.009385721857940878,0.014523452753381828,0.01886783483063329,0.025322898726836053,0.029589409809850677,0.036859024369444694
1999-09,-0.0032115482558086952,-0.001170696174309524,0.0029428531113634693,0.010009487929778377,0.01435722493360278,0.017680276501745723,0.020916751185550725,0.023153299850249692,0.02894133591531231
1999-10,-0.0016738939610939016,0.0029232537239200704,0.009599787382796564,0.01753934645638102,0.022002912666127576,0.026379861443738765,0.0318297519370253,0.0363570623347148,0.043645305755351964
1999-11,0.0016927869545895896,0.010813671470813135,0.02039344669984071,0.03334906751096868,0.041424186801707216,0.05100618292596508,0.06233097287609289,0.0718560437139452,0.08355130896547495
1999-12,0.0091821371134998,0.025582407679571206,0.04115840465168509,0.05998639111652708,0.074821143213282,0.08818822193364957,0.10123240086346753,0.11395995031254898,0.1286400867753179
2000-01,0.021513596065905312,0.04257711937672382,0.060025045815824386,0.07855290988863337,0.0933729061624996,0.10561332694886241,0.11639990015083032,0.12608742289410416,0.13489851144612489
2000-02,0.021621384266724414,0.044304657807518286,0.06239288522812381,0.08108061446743065,0.09670617054230152,0.1089643513615523,0.11834910465012344,0.1256823777084043,0.13176510145154374
2000-03,0.023547359829355186,0.042706368907686504,0.05628208386832029,0.06838891229050398,0.07855834951056717,0.0838427943178387,0.08795541347046831,0.09045757539872085,0.09139981691278881
2000-04,0.026996876436418987,0.044745816681951,0.05624367583382789,0.06565938194340984,0.07316903743379122,0.07580925050790499,0.07540400469549552,0.07304571978718638,0.06978060081313342
2000-05,0.028902356645064492,0.0459502391904197,0.05660852261117931,0.06378263148542358,0.06900797943720462,0.07111200531716909,0.07218830555821042,0.07141158757409476,0.07003226118228477
2000-06,0.02423269470113558,0.03832533026274647,0.045078896876435806,0.048649273718530964,0.05377970414897436,0.05544119434092669,0.054643922526624686,0.0519820530612911,0.04987716798567314
2000-07,0.02661374748796451,0.0466263397317629,0.056930352420473576,0.06420575548305081,0.07040914295257834,0.07403188497721237,0.07666489974612946,0.07715349720358884,0.07686477066290316
2000-08,0.02598792941140861,0.044907011275252096,0.0545306896251561,0.061466382634258396,0.0676318219413486,0.07106517267521424,0.07326302444874318,0.07357722857744543,0.07344503531246689
2000-09,0.0315431552245156,0.0565206415549506,0.06916710331857667,0.07826671558741413,0.08692677942429097,0.0933542719084422,0.09804441551277882,0.10053884768836252,0.10245270461170586
2000-10,0.03592644622758201,0.06416242116693673,0.08069463741518688,0.09085410840357329,0.10084854391841809,0.10951390439654703,0.11667386378759866,0.1214441495094354,0.12477799891961401
2000-11,0.03138260816821559,0.0489187909541787,0.054714736359102414,0.05600271315683242,0.05660652329473084,0.05502251599579394,0.053600684936401355,0.05163403947645745,0.04869376220393473
2000-12,0.027128601710540406,0.03742842620748568,0.033741546204968303,0.028167251972259888,0.024553130120350708,0.020564633424318468,0.014934558425494793,0.008049845290626911,0.0020522743396403365
2001-01,0.023072830588502305,0.03268103966446831,0.03160375635373269,0.027175443807859523,0.023485073509825122,0.02114320085079585,0.018280770551167558,0.015261999157744621,0.012696195557990397
2001-02,0.021716044575228695,0.03155171827867618,0.03218661555411608,0.028020399054375082,0.02448927380344903,0.02172228428477476,0.018376748504664996,0.014807923538447253,0.011742288864089699
2001-03,0.01608806219560499,0.01715894810996671,0.010545209787224896,0.00107471002223139,-0.006069365442084418,-0.012113164716853309,-0.018003806589720672,-0.02303011524874221,-0.026747859520332484
2001-04,0.02343258382942761,0.034590206533489896,0.0368530456323433,0.035463667564080016,0.03683519156975191,0.038598377606290764,0.0403217851115853,0.0424772649374568,0.04468992837661801
2001-05,0.02405664546312751,0.036935174114147,0.04454771956743782,0.04742161663854348,0.049772784529780886,0.051671967795002424,0.05323504542214462,0.055007225085261666,0.05661164104054743
2001-06,0.026880278131257,0.04386183580494758,0.0541968690514483,0.06013216393244322,0.06490419692365682,0.06885379728031552,0.0718397923953081,0.07458369682462138,0.07711804348724263
2001-07,0.02462302354408511,0.047398720976430504,0.058858972715854795,0.06638743596202576,0.07149273015561183,0.07417433595230122,0.07499877484268794,0.07568825101192803,0.07589268185554429
2001-08,0.022365507543442888,0.045732054816090904,0.06245822637408922,0.07148892752859462,0.07842649057187812,0.08271361169071703,0.08613471270162917,0.0902320520740815,0.0943031465571332
2001-09,0.0177318742768653,0.04276236195441151,0.06359166167557351,0.08006444875911123,0.09432142488131769,0.103660779410035,0.11119933574872203,0.1203803641761393,0.13024212998492768
2001-10,0.014627371981956901,0.03464409429948871,0.050416259162573696,0.06138590147143212,0.06814572004078646,0.06979010589632574,0.07005928184062137,0.0719543828933946,0.07326401848053253
2001-11,0.020827852322798997,0.042213869779357586,0.05722207023621092,0.067371840524165,0.07613639020793109,0.08144512336808848,0.08552232976051169,0.09153169477400167,0.09908941976381594
2001-12,0.027401086073672906,0.061435600368935105,0.08632642791244308,0.10566698324813267,0.12114756334835391,0.13336582183396722,0.1440399469434782,0.1543846086029219,0.1637678075536539
2002-01,0.026496891684628803,0.05752716565035261,0.07980451119593711,0.095961108562673,0.10804079451494501,0.11701206770529353,0.1250555687286235,0.1332761597163843,0.14146307353869092
2002-02,0.025950065580892103,0.056944673583612604,0.08198910405771062,0.10085970679459107,0.1153494886287875,0.1270051872162609,0.1371122651301634,0.14697723427156498,0.15751202999605798
2002-03,0.034785911087639,0.0726700251255783,0.10170043635430481,0.12399522452256481,0.14124453968617917,0.15508426462494948,0.16708861677678807,0.17865773016108574,0.19045153948211155
2002-04,0.029877466315453495,0.0634958072478775,0.08880154314648778,0.10681396424708273,0.12004133781524917,0.1308791202681921,0.1404546647598233,0.1498326073294352,0.15950063736929349
2002-05,0.028909525067553392,0.06238318690295709,0.092762028460139,0.117751885658513,0.1372488300365243,0.1535593420815499,0.16800597872686462,0.1828758283026203,0.19916623008365972
2002-06,0.026507164683057503,0.05699658450970549,0.08264355823071928,0.1018687960086376,0.11756855011714508,0.1313595189119949,0.14289368439537523,0.15505580880711617,0.16888355348303302
2002-07,0.014798465312577901,0.03257690217543689,0.04348592659520771,0.04777429637642831,0.04968612983731678,0.050854118676732354,0.05102625247088517,0.052673876055068306,0.05678086335123862
2002-08,0.0116420147213253,0.019473613782966696,0.024225813090136095,0.024440330061399996,0.023080077582589096,0.021366500773143535,0.018536229680263503,0.01620404361961972,0.017668154500121633
2002-09,0.0085930543612831,0.017522769752906595,0.0214901385625649,0.02211367762779479,0.022606839925461173,0.02313638219452108,0.021694399793458722,0.020499585627889425,0.023253949880604117
2002-10,0.0072153466658060016,0.013252096996940802,0.01550879925779949,0.015259702641333413,0.015314412096647172,0.01686830636398574,0.016806707013386945,0.017879724809618424,0.022840126080224964
2002-11,0.011844376092052501,0.022263411406186085,0.029276608255550205,0.03272144973373771,0.0354951496210459,0.03952532178144873,0.040196870254907105,0.041748547102828173,0.04559114649022307
2002-12,0.0068634924850056005,0.012808875951240396,0.015288516498385897,0.014752476729888199,0.013753893336367513,0.014579802145945488,0.013323896523833652,0.013981429376829453,0.017754676466642423
2003-01,0.0083396685918017,0.01739018044064669,0.0240092626690415,0.027497225186991985,0.029464421518390092,0.03168607504947787,0.032225529157354486,0.03450343448491771,0.039627670373735595
2003-02,0.005999559021706898,0.012934501093557902,0.018093391744873007,0.02070325228738398,0.02174681842329691,0.02333216306257847,0.02299767996071712,0.023687558801201113,0.027022095080756547
2003-03,0.006645303704275797,0.0164417947796498,0.02593523501498369,0.031826443873283004,0.0362538171518478,0.040684404084248525,0.04350453465727821,0.04699121557552218,0.05247541463470081
2003-04,0.0017584697527894978,0.0012594132802777065,0.0005219498208164034,-0.0013985336276265189,-0.004067516689798883,-0.006301990072946828,-0.00888075629119806,-0.010108274592225635,-0.009752896495246305
2003-05,-0.003785963423838197,-0.013909829485128408,-0.025274078271073204,-0.0353833792385315,-0.04432663909674079,-0.05162778502009439,-0.05942139860410906,-0.06694396220409465,-0.07354679469524728
2003-06,-0.005033839905700397,-0.013535976413212207,-0.020837541494782896,-0.026463665841583994,-0.03194439588609366,-0.03663264567645913,-0.041381085300675996,-0.04575295831859813,-0.049751554014380556
2003-07,0.0015890488732545026,0.003680262838777811,0.00970601467938188,0.016652654275240496,0.023958992925951782,0.03113224697234755,0.03787956557030582,0.04457247937119564,0.05264356612936773
2003-08,0.0061369017325673,0.016138604355402604,0.027970041698375088,0.039070236964134995,0.04888989487459736,0.057688038713478586,0.06608669270335907,0.07408761240320186,0.08447571961038966
2003-09,-0.003732336996201997,-0.0032031564110943985,0.0006001309479821988,0.00569087514457871,0.011433223041010231,0.01633541739774798,0.02172052745514909,0.027739814340450433,0.035598742216765525
2003-10,0.0014429539549256978,0.008511604649436108,0.01780950120169751,0.028431969010108832,0.037740561951131166,0.047141383751273094,0.0558469799648343,0.06481673807249828,0.07605002120848027
2003-11,-0.0002210157192320955,0.0030605100837318884,0.00831867029114312,0.015020282873763623,0.019877892044467892,0.026933134583096967,0.03302376133242167,0.03995664118423563,0.048022422956332064
2003-12,-0.003725384364769699,-0.002054264750949889,0.004102588143931985,0.012042958964265067,0.01897528924184615,0.027839963370096133,0.03627846987716064,0.04450711045945231,0.05382054994016143
2004-01,-0.006037292347589299,-0.006929343954106592,-0.0031752226560375924,0.004268608707125419,0.011506187190606003,0.020956242530552838,0.02976376684284429,0.0387199335560969,0.05050238455124237
2004-02,-0.011390856107190398,-0.01859687388395192,-0.020656367566637683,-0.018608710400198784,-0.016055199641945704,-0.010150659104295015,-0.0040360484752640004,0.0021242839310400916,0.012276447738078409
2004-03,-0.014279649844488504,-0.026243588018692296,-0.031431805169641405,-0.03221318228667279,-0.03116247951028374,-0.027163998609465015,-0.022109984673390412,-0.016841291560674418,-0.009024674582337062
2004-04,-0.002984374506777302,-0.0017955356121019013,0.005148474712493908,0.015662803531496582,0.02703609050540141,0.03980388493342275,0.05327433447112763,0.06582634901247321,0.08107778834453151
2004-05,-0.0007775345969238991,0.00437589022453461,0.014806560474996792,0.028225843234231014,0.0428822493012236,0.06031888360796024,0.07917933848572899,0.09523051312203944,0.11263448576394845
2004-06,-0.0012559864554135963,0.0028481355511192977,0.011563543685845605,0.024002428973771674,0.038536661964700715,0.054982859015263404,0.07194400287627581,0.08913515726773638,0.1092700045662692
2004-07,-0.005612304273849601,-0.006762356056916989,-0.0037179369658961944,0.0022309695663337223,0.012041819436904154,0.02419291688566832,0.036405771067096825,0.04856178694467419,0.0649020407214854
2004-08,-0.009207094237801899,-0.012959588364519593,-0.01065604158070831,-0.0042398362650721035,0.005028891563755102,0.015132422121446606,0.025125484579215814,0.035571744477679024,0.05189115600480865
2004-09,-0.010497651197793001,-0.017652520955249607,-0.019659380498353682,-0.018237779049076017,-0.013117080831228575,-0.007105610040272312,-0.00067235429304012,0.007570839765035711,0.020704564216560598
2004-10,-0.014481739942772,-0.0247133501491512,-0.030700048013732398,-0.032609801769936886,-0.031322167921582156,-0.028530088579547058,-0.025184941884679762,-0.020273028793591746,-0.010545282195591671
2004-11,-0.010097482824047693,-0.01565257598975042,-0.016963893876823424,-0.014848618352154615,-0.01025248729786071,-0.005075642388579823,0.0004853707596266278,0.00829894476003568,0.019579455704682506
2004-12,-0.01014971817001641,-0.01695337269107269,-0.019321492333760595,-0.01835658578288404,-0.014159061374433315,-0.009550288723327995,-0.0037872960613271854,0.004756819468194371,0.015446200847674927
2005-01,-0.009743216535287903,-0.016262436478427705,-0.020419449225303088,-0.022343703764540895,-0.022495541749568526,-0.022043680392162562,-0.020794638865102327,-0.017065276295720327,-0.010008196893498328
2005-02,-0.007590039560923786,-0.012268458261688708,-0.01461069105957509,-0.014829327757698865,-0.013516636325332607,-0.011865780900522802,-0.00887396140210682,-0.003644843554879193,0.004584983849756266
2005-03,-0.006980639037004507,-0.01185414517544129,-0.014766548321619229,-0.01674501718540356,-0.017956406191024878,-0.019533876367008103,-0.01971828789059988,-0.016950331830708217,-0.012313725655944026
2005-04,-0.009953749927204394,-0.0182162242069856,-0.025948880441226285,-0.033048221431298486,-0.03977031604508216,-0.047598179885578934,-0.05344683724575891,-0.05558655818067257,-0.05673348307603718
2005-05,-0.013045999868466107,-0.024967344549693488,-0.03575198337032831,-0.04585456631352269,-0.05722370097755369,-0.06971768713259271,-0.07798474315603895,-0.08151007252708956,-0.0836895641889491
2005-06,-0.0148321829895312,-0.027935852080654,-0.04010895389158169,-0.05098750310232369,-0.06244010215017603,-0.07401826349092203,-0.0831504849774328,-0.08959456022989346,-0.09485440411483212
2005-07,-0.009382273249918999,-0.015556628852876397,-0.020571578129989207,-0.02605605539799856,-0.0329999521691416,-0.03942864295697722,-0.044300987312739,-0.0472775486427862,-0.04870375865831887
2005-08,-0.011089557828515,-0.017757721217882196,-0.024242536350338094,-0.03064669866938321,-0.037122639325988686,-0.04294006770992969,-0.04759352103138586,-0.05038828488240215,-0.05153009438274785
2005-09,-0.006717647669617195,-0.0088457385783995,-0.010477214845591193,-0.012123394580002611,-0.0143383234518627,-0.015969048792946305,-0.0175540748700464,-0.017017314000834782,-0.01495954826346707
2005-10,-0.004729141490575808,-0.00407282582845641,-0.0028694048836400074,-0.0017984053506050965,-0.0010147870858484773,-0.0002290204847648289,0.0010533355618324372,0.004048923870840805,0.008932699264912504
2005-11,-0.004574094490572993,-0.0038299315777400936,-0.0019093113553631733,-0.00026180087086937615,0.0020540333179549855,0.004940065652386645,0.006991541664024999,0.010625291381162645,0.017160157775404757
2005-12,-0.006063541878869899,-0.0086487607803266,-0.010598381783725686,-0.013423362837412911,-0.015939079488295177,-0.018184548434617448,-0.021056894215368577,-0.0214072201390271,-0.02052987594483688
2006-01,-0.005805092884836806,-0.00905526064249302,-0.010359469267795608,-0.012671837619630595,-0.014440188845578829,-0.01571475260025241,-0.018162611566385607,-0.02046025080954634,-0.020104765098702855
2006-02,-0.002614742978547392,-0.0005634447914537044,0.0018293007879144063,0.0027941942658642194,0.0035282277061095546,0.004736679619972456,0.0037019980890979076,0.0017126454844962613,0.0020310754591281455
2006-03,-0.0009757293340090165,0.0035276549989111186,0.008391951228226995,0.011511836980886168,0.015292451403426909,0.018874531248691977,0.019867900827984,0.020609256729923857,0.024628558410341332
2006-04,-0.000936050096204899,0.004753292479115698,0.011324012154847768,0.016826402518598793,0.022874941500652723,0.029430355646985373,0.03381130191284082,0.03860844248043138,0.047157432440523395
2006-05,-0.0005016601464200021,0.001350072180165196,0.004305588025487583,0.006883880500676565,0.010693361720431532,0.015880877672288102,0.01815323528035931,0.02149515663667398,0.02894961737788168
2006-06,0.0006938147800547093,0.003144132101305902,0.004776535976115701,0.0055908287469246115,0.00790436217770811,0.010713639968202973,0.009670931682564679,0.008517543226774685,0.011896588445001813
2006-07,0.0004687720430496048,0.005483748846654382,0.009525456725980486,0.011997709241872212,0.014729400181665742,0.017159154693675377,0.016509913751069832,0.016858135721855044,0.020692079552719428
2006-08,0.001963602703810796,0.006800525980510896,0.01166963047884631,0.014434668938304668,0.01785245991777837,0.020784212930813478,0.01895332270221814,0.01426823749056319,0.015080622520836279
2006-09,0.00369687006542449,0.0087791511834052,0.012065813005326796,0.013097736033030903,0.012924877766448566,0.013330335736330794,0.0088038461560535,0.003919910089916871,0.0018756200574764834
2006-10,0.0037585330800843086,0.009601723332665214,0.013963165244794733,0.014894765141523693,0.01585299446263678,0.016944492464013368,0.01355910062882177,0.009784401076194445,0.008656692435859155
2006-11,0.011138701800689411,0.0251211810397904,0.03655279647701912,0.04039494838599483,0.04387173646613038,0.0469339454367628,0.041105444985743506,0.036366881658201206,0.03689295714007293
2006-12,0.013394747097637494,0.030046826347110006,0.04409600007058802,0.050086318249445066,0.05590734831306693,0.06070379336796247,0.05713911637238431,0.05164100112873363,0.052266447594113113
2007-01,0.026519667353175888,0.0517037738913914,0.0731628854122853,0.08520195550778459,0.09425596086286564,0.10131487731756922,0.09792077145985062,0.09483233379122527,0.09747962437629473
2007-02,0.027114486910306497,0.05429622673818458,0.07468016547454778,0.08635951703759023,0.09300860803836489,0.09839017245873108,0.09145677762401883,0.08465282681908548,0.08148610572263354
2007-03,0.02834390219696359,0.05519874534752399,0.0777836333286425,0.08799514397799309,0.09948923444425482,0.11312452466148278,0.11218413544350504,0.10539446246976468,0.09788238889572569
2007-04,0.023594129529127802,0.04090604706696972,0.05545371487173552,0.06156250746403401,0.06826630135086205,0.07655625281967986,0.07652656930181491,0.07248649386449428,0.0678139258349159
2007-05,0.025232858305983208,0.041669527471955,0.05333582093389262,0.059464908048537116,0.06523233433903543,0.07194476587597513,0.06990263054135894,0.06584493731565695,0.0619800250378786
2007-06,0.024246482955915492,0.04410094907199782,0.05732432236410013,0.06652159428786361,0.07642642526679186,0.08821232940900506,0.08987498902278823,0.08848448340341725,0.08561040917127222
2007-07,0.020749057787460397,0.0375488204286095,0.0481895515904893,0.05708700119385084,0.0650887365329057,0.07455052636575898,0.0751143457783604,0.07001233865338241,0.06349005453366152
2007-08,0.018712886432552,0.035186400510297505,0.04606059422179243,0.0531252708462262,0.0592859906181155,0.06896995063342125,0.0735494964295514,0.06938627401569668,0.06861864230967056
2007-09,0.020742671940057793,0.04257820103957329,0.05585198409762029,0.06261912313478674,0.06897952514704944,0.08133582940281422,0.07470596038910468,0.06577330805766435,0.06412845987762705
2007-10,0.024237592988168695,0.049773897679465585,0.0673914725482917,0.07766146332942969,0.07186446844473551,0.07325326181515476,0.054643798772410566,0.03298982807408237,0.009584222794561913
2007-11,0.020542223793182046,0.042641932909157944,0.06367359082828031,0.08698186459700544,0.08897683532121853,0.0970121492720919,0.07678411740228955,0.07577298374352809,0.07576674318010185
2007-12,0.024613368892760334,0.04753853867672198,0.06886508584849182,0.09532923109945962,0.11288371323442464,0.12173772931093801,0.13562066496353872,0.1468423047782734,0.16697113963493707
2008-01,0.015457302468761532,0.029098360028201858,0.040409513342313505,0.05793261261625009,0.070511266282459,0.07367058525949387,0.06639260851763508,0.0637292705086442,0.08218781950594646
2008-02,0.00904820053939618,0.020516884136342353,0.030532478963446706,0.04330590861282321,0.053458056196153195,0.056442716820238534,0.0536364053738876,0.056565686979449095,0.07625188802104017
2008-03,0.010705341213722427,0.023032037998141332,0.03886989835107649,0.0528922666712774,0.060827890878822705,0.07014572598573258,0.0812396257140989,0.0952050727384133,0.12130700299013156
2008-04,0.02035386249191235,0.03629895881726065,0.05222628666397668,0.0639173119561483,0.06965899942324771,0.0752493741664273,0.0763303889378458,0.07966753125807047,0.09113135840574327
2008-05,0.02529447792006609,0.04795560152668764,0.0661460075415426,0.07457971929119073,0.0737163909229218,0.0777016681849297,0.07804394814352748,0.0814363579872296,0.08960561811899177
2008-06,0.022947271950292576,0.042182109261375986,0.05515661254485009,0.0562991237612329,0.05334700140041092,0.055507727834612705,0.05838504868826987,0.06263475486629712,0.07708893043876343
2008-07,0.021628390217184816,0.04001780867918431,0.051798381160515695,0.05564755186578709,0.0530092343391468,0.05364252483758857,0.061954598568330486,0.06826910703622671,0.08154480990419175
2008-08,0.020185216218564152,0.037788865559811466,0.0496245577995686,0.05448333309766889,0.05071403101589934,0.04889350023861861,0.05588947819780846,0.05682668342973802,0.06606856512621617
2008-09,0.015314757796138126,0.031854197547584714,0.04687771099762529,0.05392816375984358,0.04983392960391479,0.060730537866483345,0.0762621885245849,0.08336767537972777,0.09747814535233328
2008-10,0.010322709551176049,0.022627887986561998,0.032520587936009406,0.049870765419207,0.056069791705101776,0.07712274819744859,0.10039290163619426,0.12849779537640632,0.16252497805772553
2008-11,0.006028402958824479,0.013904092328732614,0.011065706676433747,0.020943104372623336,0.024844477542923623,0.050509593644258104,0.051470865597904474,0.05357645651287806,0.06896656535796816
2008-12,0.002764259350036071,0.004106684633050738,-0.008964586465903956,-0.021385254708661858,-0.02684603198663696,-0.03904795323005636,-0.054046944634294464,-0.07323924006596677,-0.06420925965896088
2009-01,0.008370375914124732,0.01890035048459473,0.015335726976639425,0.01046074539114713,0.014934786552593652,0.023439218042019032,0.022066177065184593,0.006597439997559846,0.025962265976578296
2009-02,0.00830021420322375,0.018499549296548404,0.019667744795890577,0.017444475922500972,0.025345869959189353,0.03148879245083159,0.027688082097161372,0.01132218110730921,0.025672479192431936
2009-03,0.005248157157879559,0.008625398879869253,0.0015913683218820177,-0.008858681872056476,-0.012887343892175676,-0.020142472456416066,-0.029091125064821477,-0.043989533484604965,-0.041628817289751735
2009-04,0.00901646999970593,0.017530581022338936,0.018735506353059744,0.01784401368471984,0.017807021611257436,0.02022020102954358,0.021607332875073656,0.016207161986559217,0.031114576579765654
2009-05,0.0090726928266177,0.021554748373504646,0.032353248169724486,0.043824255937002496,0.0541140361699385,0.06186593850887957,0.07154088621889117,0.07392976187590596,0.08811491984246618
2009-06,0.013220392611341331,0.03171833161762602,0.052443167166979686,0.06785648543564148,0.08375039489684839,0.09389889027846629,0.10782421985344492,0.11136507858853018,0.12255627897289942
2009-07,0.01368192962051921,0.03203452190523619,0.054653268962652136,0.0748868339945968,0.09095161235645502,0.0963061803013843,0.1089839616956326,0.11619885179757442,0.12341760589088294
2009-08,0.012346671730575118,0.030731745891994088,0.053362526567580004,0.07712293345406483,0.10012070630750035,0.11324018355755566,0.13224395099578834,0.14487676199090313,0.15601535597663505
2009-09,0.011888943061530599,0.030231289893010636,0.05233731973679413,0.07625325817824863,0.0978851636497538,0.10886437401936602,0.1211501582352229,0.12621303173073223,0.1303869538503842
2009-10,0.011391731001469292,0.03163604224868896,0.0569477948464229,0.08066191387524577,0.10193249946528612,0.11525646526791496,0.12388923227774296,0.12810671700394932,0.13117280196054087
2009-11,0.0073361013769704326,0.02073682866598249,0.03870221637978254,0.0552366807486065,0.06954439297723151,0.08026466544176487,0.08989557266088657,0.09918397380991842,0.10477112711470996
2009-12,0.01409908820885419,0.03259546987722275,0.052109495033519526,0.06786556192374793,0.07946866321549913,0.08830085087753684,0.09790091249740884,0.10852108787943823,0.11282830348090647
2010-01,0.01018831601785439,0.02588854464078508,0.042137197385894144,0.056894289560136944,0.06694796218473975,0.07232200584991677,0.07796122706110709,0.08418745953808668,0.08692039898364634
2010-02,0.00972618929099854,0.023264740400864833,0.03575968947817624,0.04693824846297924,0.055790164714433835,0.06302939364583245,0.06980702171600421,0.0783935992428068,0.08253238087426372
2010-03,0.01201028300198834,0.026349212435148137,0.04112189916091728,0.052231007159988276,0.06192404757846629,0.06998503991991267,0.07743802268965008,0.08898304838822532,0.09751614341134093
2010-04,0.011746816964024099,0.028363651694953862,0.044533657486653846,0.05820170560597764,0.06737311186126334,0.07372158168811645,0.07960030250087284,0.0870258655015368,0.09264655411642302
2010-05,0.00861492220688813,0.02432104216446461,0.04235305172697709,0.054715331650224436,0.06444735786510036,0.06771568174076578,0.07282482399558174,0.08263419434290731,0.0873204749375823
2010-06,0.005902127711486231,0.015834659743282624,0.029019277784397668,0.03555420429015294,0.040450494991479756,0.03674838790285042,0.034107606451756915,0.039493939422125555,0.03715194794270276
2010-07,0.0045213789718652805,0.01361097103698718,0.028246397588801254,0.04197330820688491,0.052882243803095405,0.055661552246779,0.05391556281330341,0.06480306988958091,0.06679457980135033
2010-08,0.005040405246262921,0.01360250592325746,0.02756411689555926,0.03941313223036453,0.05056084518708705,0.056329920010444255,0.059634180601646054,0.07166201760419538,0.07300226349427064
2010-09,0.0035940007796211406,0.0106362182221912,0.02257673791460161,0.035173077014753494,0.04865924062808665,0.062138852784864695,0.07561275775187846,0.09455413077657096,0.10798159733132262
2010-10,0.0023464759442685906,0.0075807430285611405,0.01874470629370935,0.031407492416147986,0.04435317401449019,0.058125546417251345,0.07009071627591594,0.08680302625655144,0.10010068740931023
2010-11,0.004546558615794289,0.012905808760756952,0.028004994194231414,0.044683455250857124,0.06004087751506885,0.07477975358975752,0.0855863424804175,0.1011683317306099,0.11757291281020563
2010-12,0.00689527994215603,0.021739604076115995,0.04670331480182975,0.07429645426132722,0.10024622098144285,0.12169550222445176,0.13976061908676954,0.1639086875264464,0.1883218499668782
2011-01,0.0067837017497017,0.021441295402791778,0.04594307346693611,0.07647878540810925,0.10672789332929264,0.13130976670440622,0.15423785365006218,0.18005085732666315,0.2046656658913961
2011-02,0.008300650812552709,0.02541066253416327,0.05013176034380511,0.07962545408735805,0.10730584718904337,0.13046130785079682,0.15016602317731287,0.17285434396558855,0.192833420858452
2011-03,0.01055597604397901,0.028431082217995885,0.05303452715841559,0.07928655553148774,0.10383708239672049,0.12301522472088437,0.13903173811402655,0.15464403187570547,0.17239550064209927
2011-04,0.007080032810788922,0.02257810045349912,0.045674867515566146,0.07285075397953163,0.10047673405971448,0.12465414506114676,0.14601474898219735,0.16637815287951332,0.18814652155347517
2011-05,0.00480129844361732,0.01637987937532415,0.035981225821511045,0.06208540658383935,0.09013313884328508,0.11765972335992352,0.14588192364961922,0.17162270408491356,0.19562846602507983
2011-06,0.004712265847492549,0.016245817867165724,0.037321875901439525,0.06269082390849509,0.09215520694405308,0.11837522068955131,0.146230847320158,0.17461760209667362,0.20134828485112774
2011-07,0.00256708662048589,0.009813086577582088,0.025567575358115106,0.04799165932328188,0.07285998914860266,0.09814036699215957,0.12503446050816305,0.15362958660199502,0.17901981579986148
2011-08,0.0010114066790061506,0.004547792589077939,0.015140405030313232,0.030533434116821648,0.04638674562670666,0.06084834778356535,0.0772032911909015,0.09522595445422241,0.11179325095922821
2011-09,0.00208365701477051,0.00641442011228051,0.015583850376463362,0.028035869311635365,0.039685731727591524,0.04971615491801354,0.057206019593828886,0.06270263205579531,0.06780808350350459
2011-10,0.0013483113879786501,0.0049923170470764205,0.01291954556209975,0.025715223884093516,0.039411775826200375,0.05313942981538828,0.06416335236946295,0.07521117918273669,0.08542849940869117
2011-11,0.0019642758816834595,0.006114674511522738,0.014851561255844935,0.0285699035867645,0.04265846784310849,0.056009369786613104,0.06779362089363519,0.07752591556427979,0.08471370174934739
2011-12,0.0018705909674429902,0.005332620467176381,0.011602562649386139,0.020359659953442914,0.02914767141899925,0.03650058506931255,0.042048831769366,0.046615516681270196,0.05051892162644297
2012-01,0.0012320994764109803,0.0023076943954107604,0.004527221182115979,0.00879973841419271,0.01384121041298424,0.0164572164499872,0.017332997019684205,0.019557314505389504,0.020232697962602023
2012-02,0.0024585163236821696,0.006684700279602648,0.012587060849512107,0.0200491109989733,0.027718059820158424,0.034911539484853274,0.040536990001140374,0.04382145560041947,0.04526044222390947
2012-03,0.0032050144393272703,0.008958599798815678,0.018321124660889067,0.0289959080826906,0.04091578205325014,0.05226155086185387,0.06349901476132187,0.06949994339373729,0.07408013552480198
2012-04,0.002136439481992111,0.005819258927779632,0.012695701309295144,0.02034056403027732,0.028771716082615903,0.03764532654080258,0.048333757880233204,0.05470719880452183,0.05968861268003171
2012-05,0.0019509651025235,0.0031627983222426706,0.003839982439933139,0.001492799403986991,-0.003040572429000332,-0.009237707396025958,-0.011396650400591969,-0.016037850396793132,-0.020807763244610658
2012-06,0.00226132603496065,0.003041466381621831,0.0003460336538696901,-0.007427856231339132,-0.017168391007266574,-0.026762653761714092,-0.0326280144894488,-0.04057029674790502,-0.04736760132812379
2012-07,0.00114994414285013,0.0005532934903714991,-0.003265846012492973,-0.012504693575115878,-0.024303626605334392,-0.03721932727448425,-0.04918168748347619,-0.06185273544080366,-0.07324638300551962
2012-08,0.0010581722635505802,-0.0011472425618597602,-0.009335231776298091,-0.022510620232133245,-0.03670030025528673,-0.0511015317321769,-0.06293589290003392,-0.07708057149442217,-0.08772890636754181
2012-09,0.0017989599878197198,0.0014959411666363893,-0.0028293354179688033,-0.012266540565684509,-0.0215577616192341,-0.03254210154459967,-0.040695699460262545,-0.052203651549013554,-0.06120709906668229
2012-10,0.0023795541870353792,0.0036148163503719804,0.0015818183794823176,-0.005290022744055161,-0.013012324047046863,-0.022593062769828372,-0.031483993266508366,-0.04180046947920197,-0.05010910347769185
2012-11,0.0016782239703491504,0.0024625050765480997,-0.0010193033051193578,-0.010350417647759633,-0.021181375052877843,-0.03559264997425514,-0.04925539445073504,-0.06299605285682694,-0.07552666386284954
2012-12,0.0017906666245261602,0.0017617726578566906,-0.004514627078626194,-0.01800769187068451,-0.032870745927998817,-0.047310106519669874,-0.06264774320835192,-0.07599466897834725,-0.08681600605464426
2013-01,0.0023552890466934993,0.004327984853522161,0.002689557181155469,-0.003029791992690221,-0.009215224505997365,-0.014835121667341774,-0.020717989394088882,-0.025713888517887796,-0.02904924488169987
2013-02,0.00170494227910462,0.00258890151891356,-0.0009446794610524516,-0.009253413042679409,-0.017802560754217763,-0.025944835011880562,-0.03148960941007607,-0.03529464214710412,-0.03978096018699678
2013-03,0.0021672942226706104,0.00106020542951256,-0.006541379923602589,-0.018233858054347758,-0.0293522637014851,-0.0395608280555335,-0.04547048885436851,-0.048331877402940024,-0.04983786496119501
2013-04,0.00193980249913924,3.541425866416788e-05,-0.008353109501203224,-0.02086814622555761,-0.033129318656190995,-0.04398160828085412,-0.05207365606538822,-0.05709230986392361,-0.061180347978211785
2013-05,0.0033078685086844507,0.006242768811508422,0.004937670521604855,0.0010881241033318214,-0.0022967038453890858,-0.004603094322257983,-0.003434567421498693,-0.0020311938041633025,0.0002919812116629094
2013-06,0.00439846086833639,0.00994535366267086,0.014330582023052625,0.01643220370129277,0.017639223188514155,0.01969329473831005,0.024078568300051267,0.02823376392798486,0.03348227492870313
2013-07,0.003604017006323029,0.0068074944755649215,0.008763795239448386,0.009198268384118483,0.012822849900182176,0.01685057073311233,0.024485950589900746,0.0326940324483177,0.04193961121051987
2013-08,0.005456385891604689,0.01254058698678233,0.020151969197653382,0.026101612804302305,0.03514631206433911,0.04433129941430062,0.0580969863752007,0.07006363391898433,0.08129890267602631
2013-09,0.003788308334172831,0.00644739888770866,0.007875327149051715,0.007860573737214006,0.013379642970776538,0.01790335890898931,0.029256205815869837,0.04038521032976149,0.051267523305144516
2013-10,0.0031964952381889596,0.006580420561427323,0.009333871885129252,0.010833232231061116,0.01708791111602104,0.023291896055462506,0.036167882679570725,0.047919845567151405,0.05943111603067778
2013-11,0.0025792187234683003,0.00646176846513555,0.011456418915232061,0.01759615334491694,0.029963144346984348,0.04243300265158335,0.059315654583794654,0.07679948379285685,0.09440552643341234
2013-12,0.003175727982288999,0.009207291927236353,0.017787787952581,0.028257127216379796,0.04416980049263711,0.06056084939924218,0.0808556842741424,0.10063369240769195,0.12107902374368772
2014-01,0.00339693395411731,0.01095217948561389,0.02108278595694848,0.034170934294271905,0.0512584413683114,0.06823431515316,0.08924372316170603,0.11062724381646,0.13024131163515804
2014-02,0.0024567639303641293,0.007230780113399869,0.013677706852071142,0.02219548696560885,0.03464436538114805,0.04671638519935135,0.06236165271802777,0.07989383948737544,0.09519356891922492
2014-03,0.00427176774842729,0.01441940575771966,0.026425069730979155,0.03819473818682133,0.05358952989509832,0.066605672910526,0.08133734390221953,0.0955714602082691,0.10836844155930814
2014-04,0.004508297554153871,0.013457086918978201,0.02436893940943665,0.034656008079982495,0.04655859520846821,0.05674738106372022,0.06967726284521027,0.08127988038843796,0.09160543503750694
2014-05,0.0033024680923262007,0.010570723298416056,0.018727664531387505,0.025570640640708776,0.03381424621873917,0.039892056781271584,0.04917776134285379,0.05729704396864316,0.06456054345038084
2014-06,0.004488287469390439,0.012311887569826239,0.02024388318639225,0.02506662760517285,0.03009374656880255,0.03331686684862596,0.0392002565227897,0.04304780579744448,0.0486263003662505
2014-07,0.00565467587948254,0.016053993795821248,0.028097465007662383,0.03487930414047079,0.04267631420366058,0.04866029997145262,0.05559701337419651,0.05991332347629291,0.06659958163641602
2014-08,0.0047855684185026,0.01272922788538831,0.021142996316112914,0.025923514144715127,0.03159323729367591,0.032681399148746515,0.0363709480974401,0.03839708540592551,0.04116529519783757
2014-09,0.0068475871488754515,0.01864725284294526,0.03156887830339755,0.04069458808240375,0.05104556178931487,0.05708619328659724,0.06430717424227796,0.06838962047701579,0.0724934954028036
2014-10,0.004247643829738309,0.01245706177786803,0.0219363659737783,0.026720053663193695,0.034372684474824604,0.036185963877026196,0.040638151434759316,0.04484402293673811,0.04882799732639311
2014-11,0.00114789521988217,0.006198947748098979,0.011652940210474656,0.01386632286514106,0.017899503963781777,0.018886896477339755,0.020222116727600343,0.02260791198311145,0.024958854963760924
2014-12,0.0028682983808750594,0.008952841690340062,0.015589534298118865,0.015734862669553762,0.019102748119101357,0.017621595915598476,0.015928159144565426,0.01499685283955994,0.013777959670776233
2015-01,0.00094704162411814,0.004811514042057992,0.00856421421102866,0.00868549540494614,0.010788405816516938,0.008542974681219534,0.0033748488086693396,0.0001388405797457526,-0.005468659452143365
2015-02,0.00339694447489246,0.012387966552106482,0.023070589934718822,0.027910831705935387,0.03629534523018108,0.039707154649476877,0.042432344953504876,0.04570372504366748,0.045899748446176496
2015-03,0.002615723268507021,0.009379100234033693,0.01872018330448377,0.02344768087296258,0.03053741901243259,0.03169066799635219,0.0337998024049565,0.0365566054092208,0.03654032249724941
2015-04,0.0033812258019272007,0.009310204383884541,0.01811508333991345,0.023740773529003688,0.03206605866317428,0.0338123873014848,0.03691045091895671,0.040941922031012136,0.0443913389761711
2015-05,0.00224043243423553,0.007950540293547512,0.01698481299503793,0.022682582917027128,0.03139992831280703,0.034762118062595125,0.04041340303038251,0.046433343985715046,0.05142808254464994
2015-06,0.004952767170541951,0.01585279289273193,0.03131502978066753,0.04579430632188622,0.06267997815035715,0.07354237642393788,0.08730137314019272,0.09957122840506127,0.10844101849681316
2015-07,0.0043090658105417075,0.013007238959590259,0.026210539365967858,0.03835589460495234,0.05207342940511072,0.06093722219291142,0.07284368479505769,0.0834356788090315,0.09046962685030172
2015-08,0.00442830850423986,0.01199466159980277,0.022915533340192182,0.031414181622318654,0.04429662231603875,0.05182860450133688,0.06286247882476305,0.07395902197160102,0.08384407553787293
2015-09,0.0027575041871531103,0.008324910115448883,0.016765909188923997,0.024062227137883925,0.03397556491546953,0.04015293749071583,0.04975158046494904,0.059379644649748556,0.06523712187631693
2015-10,0.0038516435082046807,0.009483226943387529,0.019338696232957697,0.025783712976949997,0.034225005935858574,0.03858522278098389,0.04463836739628779,0.051052903200617686,0.053643805046466694
2015-11,0.0036751154230109297,0.007564811253713347,0.010755825377569146,0.01031187281004884,0.010564607887076562,0.00805984184781184,0.006621790314631483,0.0066997015756416825,0.005030825788671096
2015-12,0.004777625580240969,0.007994701051896638,0.012815394947243033,0.012211827920179342,0.012256834599970427,0.01011897843424525,0.009545211888569325,0.008404599432733471,0.005639755026096536
2016-01,0.0014635041620452201,-0.0007744728779619792,-0.0027519911900008576,-0.007478570450470047,-0.011396203279278365,-0.017235506587621262,-0.020358113944542754,-0.022413115106749364,-0.02764459633225557
2016-02,-0.00022165678558814118,-0.004590567460582266,-0.0074215310714636175,-0.014358198482444923,-0.01930172926288082,-0.027025338458679316,-0.03245581779533732,-0.03539371352335133,-0.04139889039753819
2016-03,-0.0019292258847487306,-0.005240948055414672,-0.008283714364780679,-0.01471099897469529,-0.017694165846653485,-0.024626979781399192,-0.0291476192507819,-0.0327008191082475,-0.03758399662936142
2016-04,-0.0013289901336540413,-0.00288231892219549,-0.0031580176130139286,-0.0069746548708479305,-0.0076973148859249396,-0.012050669153879935,-0.015715426964577242,-0.018230632512733533,-0.021998227679234247
2016-05,-0.0013425520033036034,-0.0017189692982845792,-0.00016689454594367732,-0.002125916288592486,-0.002131230847582791,-0.005331825755180761,-0.00847729626384527,-0.01159086842779097,-0.015325644796200962
2016-06,-0.005910029634627819,-0.011245932290827317,-0.0162101101458211,-0.02384567597492875,-0.02977542587382825,-0.037578247877413117,-0.04594142945343813,-0.05200094118726375,-0.059279613756016335
2016-07,-0.0048489107128809805,-0.00965615623312929,-0.014058858799275077,-0.02143388846383315,-0.027507690493277552,-0.03572080005906774,-0.04499624871191973,-0.05258045890955295,-0.06232649634691952
2016-08,-0.0025760188937995494,-0.0047009818003576655,-0.004933025091021424,-0.008478904524838442,-0.011119657529883139,-0.015498494780001728,-0.02193604892362892,-0.028010246041410832,-0.03445816626442383
2016-09,-0.004224227685439162,-0.00899678334381419,-0.012873570090363027,-0.018914403974579327,-0.024763294338239716,-0.031457747952060806,-0.038976534189832095,-0.044388597140256496,-0.05013656165802504
2016-10,-0.0040360757254382885,-0.00851912383772686,-0.01080276233253085,-0.014431496599271128,-0.01764337065679516,-0.021972524072743173,-0.026380169836531873,-0.028323201164002852,-0.02971507982019827
2016-11,-0.0025443113372308774,-0.0019043138601883784,0.0028588186994312186,0.005808542093240615,0.010137202941986839,0.012618686044685279,0.015498230549251929,0.01841276177127891,0.02231717672739792
2016-12,-0.0028157129336607682,-0.002616039541448262,0.0023672798671996315,0.005348835039565146,0.010355538889695419,0.013087176850168657,0.017637410013859038,0.02354736522527081,0.029959079400134307
2017-01,-0.0033968692601832,-0.006523750567521998,-0.006992413474852204,-0.007864381179401499,-0.00561779102345822,-0.005980230434732921,-0.003635403019038032,-0.00023138390128072013,0.0032647603728695167
2017-02,-0.004646409414563917,-0.00819909428067033,-0.009669055287738119,-0.012909483130845901,-0.013825048523000148,-0.01681853942880862,-0.018307595617191225,-0.01858731735919214,-0.0201555053147576
2017-03,-0.006301965524058499,-0.010449544441881705,-0.010923854630184597,-0.012625930991121291,-0.011621805398640913,-0.013171030262688706,-0.012771997631891298,-0.011358507559522559,-0.010323208377227779
2017-04,-0.0082829045134318,-0.016958244101651608,-0.022519768930541813,-0.0281567740411442,-0.030927406883306217,-0.03525544712963629,-0.03835937425346058,-0.03965879241792752,-0.04101712271942034
2017-05,-0.0086620078413855,-0.01682834027777621,-0.02259052641227101,-0.0284498767930743,-0.03139370398425209,-0.03541050054241979,-0.03801108642566539,-0.03967349337206233,-0.04116872409873071
2017-06,-0.0082837430843597,-0.0164424505217791,-0.021241018401753086,-0.025242017077682196,-0.02745811419497912,-0.030159376129874096,-0.0320022250751453,-0.0327152316030937,-0.03556928585863059
2017-07,-0.0096301054433837,-0.020099355730540405,-0.026673695390161706,-0.0316283087325879,-0.0341956245329091,-0.03718173278767051,-0.03984890594078799,-0.040808413786798114,-0.04241661985844336
2017-08,-0.0101492960332998,-0.021360420277160203,-0.0287375487340839,-0.0346647522104389,-0.03818567467356019,-0.04238846843580409,-0.046021179197830796,-0.0487484923598434,-0.05280820431780844
2017-09,-0.009603002488859596,-0.020143230492587705,-0.027075526513117308,-0.03246406511236042,-0.03588831996285521,-0.039767114650087025,-0.04383481386220119,-0.046690273648776696,-0.05163407330594721
2017-10,-0.009233319478284797,-0.019299436841220607,-0.02601318724518181,-0.030662823941709296,-0.034237540357652405,-0.0389922957969208,-0.04396196377072141,-0.04941386246634298,-0.05707676127281398
2017-11,-0.007551854727538106,-0.014727203006404309,-0.0183687477513213,-0.02160795710697591,-0.02327135153265547,-0.026631860194303636,-0.029731450747795818,-0.034136291485159176,-0.040744805944576995
2017-12,-0.005959855435020204,-0.007962729925518604,-0.0067883967395276044,-0.007007547061034191,-0.006257238090207128,-0.007595843471132218,-0.009219562496300803,-0.011982756648252307,-0.01668250336240563
2018-01,,,,,,,,,
2018-02,,,,,,,,,
2018-03,,,,,,,,,
2018-04,,,,,,,,,
2018-05,,,,,,,,,
2018-06,,,,,,,,,
2018-07,,,,,,,,,
2018-08,,,,,,,,,
2018-09,,,,,,,,,
2018-10,,,,,,,,,
2018-11,,,,,,,,,
2018-12,,,,,,,,,
