date,f_1,f_2,f_3,f_4,f_5,f_6,f_7,f_8,f_9,f_10
1971-08,0.0517003464787937,0.057613300641229694,0.06132956221922331,0.060374938694157304,0.06534615780275346,0.06816991389658317,0.06534926872597313,0.06464305779579421,0.0654213069782058,0.06659174029148529
1971-09,0.0518815203330096,0.0568627970725824,0.060512728665463214,0.061612150251257186,0.06545002559399066,0.06286674170013351,0.058284263646946444,0.05595876083298579,0.05513095905849241,0.055340052784515814
1971-10,0.0456552644341238,0.052740609459122796,0.057340230947421314,0.062160437599939306,0.06422158133567532,0.06333671669246949,0.05856580500439057,0.05648553938333656,0.05623580343720219,0.05732478237888872
1971-11,0.0465240783877525,0.0537437884361617,0.058370934375785194,0.06111624645303179,0.06435736237648482,0.067708729153166,0.061605630675246825,0.0570764956156552,0.05553677167744431,0.05627494662890675
1971-12,0.042474377546544796,0.052793034853551,0.056234407462654,0.05807630835623101,0.061196221545723184,0.06634278254851184,0.06461429239596728,0.062150520426802525,0.06166393070471593,0.0627099286110595
1972-01,0.0408987093023999,0.0547844439433665,0.06186029767753359,0.06368598616105203,0.06373095126559644,0.0652831207868445,0.06485632625135263,0.06401559392204881,0.06391407789303566,0.06466417848600581
1972-02,0.0418678210590787,0.0527819263984097,0.061214230712819076,0.06296216106008812,0.0629532616916704,0.06421588078351198,0.06462018468940411,0.06405194037360029,0.06360466135017578,0.06258539220352888
1972-03,0.04880915012903771,0.06105532447041229,0.06281978087306099,0.06281400673660342,0.06313933104863662,0.06323760167974218,0.06220078766793091,0.06085930363126707,0.059992236769155605,0.0592330400679032
1972-04,0.0443459729250335,0.05669462992134811,0.06360399464661398,0.061844017393490824,0.061268355389495044,0.06423151895269252,0.06586442243177598,0.06555134151209163,0.06563996840810477,0.06542825744703662
1972-05,0.044960387832014705,0.053835450860550894,0.06216712043209678,0.06116551661064565,0.06376021505976848,0.06338453938101091,0.06434025009179489,0.0651417142228713,0.06577028079531538,0.06558464321616297
1972-06,0.0504071499704067,0.0580789506409279,0.0620146792359518,0.06206081888173359,0.0635596075980665,0.0623413022301999,0.06188803490267958,0.06093182701706362,0.05994729626078088,0.058548999012803526
1972-07,0.0471700149236806,0.056934395785376804,0.06519660917995809,0.0634695804593437,0.06282690546257882,0.06296161229903358,0.06399485296163698,0.06449799953906982,0.06469345298188334,0.0642384531384933
1972-08,0.0526199946829319,0.0594784466804771,0.06467576563791859,0.06514319948401082,0.06455404499486564,0.06484428099901995,0.06593517092606332,0.06464322377592063,0.06426700199598667,0.06656499572292629
1972-09,0.05487653881399859,0.06039866111985921,0.06243629806242369,0.06325384286119409,0.06338579001353942,0.0656754139608054,0.06754038930842104,0.06878150583318016,0.06966492503881305,0.06995889745748929
1972-10,0.053575444376686605,0.061123057195336596,0.0631674199595209,0.06456969525594591,0.06287466377738396,0.06400367732601886,0.06515639730762812,0.06545676502440945,0.06610982182516878,0.06696458079669787
1972-11,0.0527703271315641,0.0592161151197831,0.0636244321957647,0.06304411626720327,0.061707069311317864,0.06216552557250893,0.06353586544019851,0.0645038602643459,0.06563392806675572,0.06651047942304089
1972-12,0.0550397983538698,0.0616963146343938,0.06363701435971793,0.06260047467633448,0.0625179198613065,0.06351335829953669,0.06382102003157253,0.06367057601351711,0.06471184041950384,0.0663159875924203
1973-01,0.0598419767327902,0.0642406544502804,0.06484256505900741,0.06461462372018642,0.06274081353730959,0.06214800707957002,0.06263317144092223,0.0642750614848881,0.06608207415144796,0.06766478555694178
1973-02,0.062352008399486805,0.0681598403704076,0.06711194817290606,0.06753493023027951,0.064519288305522,0.06426840083554186,0.06387758103545266,0.06149258509232908,0.05981307685938553,0.061527781683866856
1973-03,0.0683792987607538,0.06780339547444458,0.06553017552270843,0.06640032336108959,0.06441261158988465,0.06548914446611714,0.06546825278495122,0.06308203105812982,0.06114217892869245,0.06132083343975425
1973-04,0.0661470785667855,0.06658944636876749,0.06645828555024302,0.06562881753375599,0.06426692782891152,0.06658171323430911,0.06770703356695096,0.06524874458486918,0.06376969404561128,0.06428072626445391
1973-05,0.0694267092913286,0.0659877700067302,0.06401067588272699,0.06508842137013782,0.0659265672245809,0.06908833660437291,0.07115491606109081,0.06959541588391494,0.068183021538473,0.06652174508671982
1973-06,0.0753285575068884,0.06429661887897682,0.06672016757452717,0.06544393116936958,0.06504329930610758,0.06674756807328147,0.0681630724398683,0.06834618238223905,0.06783222083155027,0.06682715492476532
1973-07,0.0853342891778679,0.07379264395986829,0.07461243452664523,0.0755974960206438,0.0716480701098538,0.06749509421710159,0.06500984894167794,0.06518313135648146,0.06473469598010018,0.06443222895456191
1973-08,0.0826638581090929,0.06994817326043691,0.06513288198249628,0.06744234085530068,0.06784235661838273,0.06798330281917997,0.06936730589832452,0.06874383813602769,0.06647026156639813,0.0631746406518563
1973-09,0.0741859874855958,0.061706047868665986,0.06215919757428254,0.06550862467812851,0.06567851939966568,0.0669504479640387,0.06869992085751098,0.06851496560217984,0.06813287368775423,0.06738308684503869
1973-10,0.0714592787092304,0.062113279779428,0.06609263503857382,0.06628663799615936,0.06599134705961995,0.06593754631480392,0.06511284129896572,0.06397268327107969,0.06414445130220736,0.06495069577514179
1973-11,0.0748101890048614,0.059207224509322406,0.0644413394835999,0.06550350120130427,0.06731936594443705,0.06833739092199798,0.06463707360404441,0.06265646207815817,0.06410321643114125,0.06669041561768108
1973-12,0.0719154137301293,0.0628478727208133,0.06483282501988699,0.06639764734912959,0.06697073373342732,0.06667607650954749,0.06572779421630076,0.06597664323455327,0.0685091542650359,0.07203154028476
1974-01,0.07033882108851569,0.0632179075807355,0.0673969224850273,0.06841935511327829,0.06961395098466716,0.0703629101973402,0.06872157509774074,0.06792169292946554,0.06972988132482139,0.07190675223865017
1974-02,0.0704826784290159,0.0652998774714735,0.06769462823609132,0.06782559341514649,0.06909973556094728,0.06935876258913926,0.06794603725631887,0.06699971608819622,0.06860699503439693,0.07150845807392625
1974-03,0.0815341225641592,0.0722506621861912,0.07398125077246093,0.07327708845129305,0.07368663159671607,0.07271249399110313,0.0659121907446899,0.06256003641504893,0.06248171892040877,0.06326767244752274
1974-04,0.0874277144146164,0.0770525237230568,0.07825117179689228,0.07778891290325252,0.07812084455742951,0.07497595817116809,0.06772893408666564,0.06550792343113154,0.06591691390636611,0.06493894794713817
1974-05,0.0837026235848954,0.076376926746143,0.07674686311196807,0.07755034406145589,0.07765314586900463,0.07410373426071382,0.06894245119858655,0.0660550990713702,0.0638192524345026,0.062083164353139875
1974-06,0.0845784859948912,0.0790336212521362,0.0806463108089191,0.08060872240150674,0.07910424026528817,0.07240620906256356,0.06742298403030178,0.06473432821856762,0.0639933597329223,0.0625918223316253
1974-07,0.0849168499499746,0.08284293078493442,0.08269818932727077,0.08098001069836863,0.08003945155422959,0.07523222339162278,0.06982848311000167,0.06471118063918946,0.06007961730716793,0.056091625680621204
1974-08,0.09486272787342451,0.08016255076394269,0.07947392243032034,0.07985925969577362,0.08438624325175337,0.07999909661025689,0.07110498021229794,0.0680782713989947,0.06806374057313935,0.06302674372257966
1974-09,0.08030662089332809,0.07814111187256133,0.07783180496743669,0.07831935691829589,0.07834449760411455,0.07737327835639868,0.07534539060073686,0.0716312869141903,0.06783552901618184,0.06539681967486177
1974-10,0.0780102912905768,0.07495324194545921,0.07900690242956099,0.07830043575552137,0.0774573106492466,0.073106241481808,0.06448359428669093,0.06266602492193851,0.06425471768540914,0.06365580318996356
1974-11,0.0748908037602728,0.0695281280114696,0.07486774079543992,0.07440183757488372,0.07589753135656141,0.07119705262638554,0.06851168135617164,0.06705684461943218,0.061924141626033324,0.061847496542782876
1974-12,0.070679376054921,0.07224986029344982,0.07121004472038459,0.07072931502625418,0.07063664722284946,0.0677639416428909,0.06768778833130729,0.06656266605881,0.06277286602084053,0.0624058442046983
1975-01,0.0612594601506454,0.07104813967152879,0.07349739493653731,0.07479521213552331,0.07685614180459666,0.07121372003775894,0.06844294551261337,0.06085817140118349,0.05818136513174921,0.0570327006803355
1975-02,0.0585829364009203,0.06575727737789169,0.07117453752153191,0.07339054742872769,0.07693310306236895,0.07666440626810611,0.07025706237440893,0.059877657551400454,0.05573526398102813,0.05349813657019786
1975-03,0.0618223220702986,0.07178641250763261,0.07510719376784339,0.07700021532971621,0.07756535275998022,0.07473015614743678,0.07213985367559611,0.05740298779505282,0.05320531878343027,0.05070400610271297
1975-04,0.06686708144490279,0.08143735433595121,0.08148913979761549,0.08095792358185491,0.07906543414019856,0.07352201829517319,0.07081495942740124,0.05666150790922575,0.052564080482978226,0.048772856095894546
1975-05,0.0602622704375982,0.0746309459079454,0.0775247929616957,0.0760669093947679,0.07824240346509082,0.08196153001494833,0.07633466891634666,0.07462187116384777,0.07500818444950497,0.07518481243707431
1975-06,0.06680664200992491,0.07492416194254388,0.07725212948858073,0.07844422698105852,0.07599767133718643,0.07806029470641057,0.07033675081295498,0.07249571303959679,0.07386245356379995,0.07460404440613722
1975-07,0.0713625293980312,0.0790825806528398,0.08162902280788861,0.07766549419991636,0.07473900963674102,0.07659534269177826,0.070375182650596,0.07224448826689278,0.07401690138222794,0.075326165269199
1975-08,0.0730100253356372,0.07910265810938778,0.0806825521210166,0.08249994945872641,0.07537428585094647,0.07755554361002615,0.07979623272421055,0.07504649662106477,0.07318577892135048,0.07509306724149456
1975-09,0.0748351111256421,0.08354855745570348,0.08259402508705993,0.08358808347967248,0.077086012776309,0.08254301510587891,0.0833900731618763,0.07803663047474974,0.07772614428170588,0.08003300520407519
1975-10,0.061946002263145894,0.0758227730847987,0.0775889989225286,0.07709098881941923,0.0808928541637331,0.08452663017014667,0.08041992622363447,0.07979434328145651,0.08031735697806064,0.08071541801385518
1975-11,0.064702394471415,0.078123535661024,0.07876185683645923,0.076796821288625,0.08169933131268126,0.08508529621182093,0.08163142168311643,0.07708923790524935,0.07726027343164632,0.07885400900907047
1975-12,0.0602768985036644,0.072454755248624,0.07661203354105639,0.0772878770851616,0.07863767279346762,0.07979432967748978,0.07802518889153165,0.0744520876674245,0.07489580541814533,0.07684941946174184
1976-01,0.055117318376148396,0.07129392730237641,0.07881179205135719,0.07790596090975638,0.08304695688493569,0.07867662129800673,0.07981819178084532,0.07087006650894434,0.06849001010768685,0.06926645716002178
1976-02,0.060138609978968895,0.0728831151380415,0.07705965859077463,0.07432815756087696,0.07987640726585254,0.07940015459194011,0.07931486888329453,0.07095687754543967,0.0691293478881132,0.07148183550558385
1976-03,0.0593738030274937,0.07244275738787512,0.07531389492114055,0.07700210607535185,0.07796868653842981,0.07665875649856996,0.07860829463191765,0.07154449236845417,0.07047747503132029,0.07259478169456979
1976-04,0.059290740516237304,0.0712667854529569,0.07365022057124179,0.07544441277084524,0.08011033841014975,0.07768036792074562,0.0793571465908014,0.07401813915724598,0.07413156446379987,0.07652775311781912
1976-05,0.06600451172437011,0.07748601902728669,0.07738600444527319,0.07983848084320364,0.0766684260802944,0.07532436763737266,0.08481396459710033,0.0755903978130894,0.07449666894882656,0.07605499495023205
1976-06,0.063201853034284,0.07395996871855443,0.0755263477462613,0.07854747840705231,0.0784597074052455,0.07837761614528171,0.08105603606564848,0.07513294511142432,0.0748906910242183,0.07629348529424873
1976-07,0.060277305699512604,0.07246190386838298,0.07454431414470053,0.0783466184223291,0.08057253878216775,0.08087840982372047,0.0788741584722586,0.07568172809429674,0.07581657228959349,0.07778201118079675
1976-08,0.0583922463843198,0.0703455944162118,0.0718453898800521,0.07748386467802432,0.0791564441531965,0.07827754477717891,0.07853252797690563,0.07758370734949738,0.07890825124905987,0.08148111326202578
1976-09,0.0570180177950727,0.06741837005563511,0.0713366930686304,0.0756945590986306,0.07802727854669766,0.07758786259954276,0.07875932790930523,0.07599377496404636,0.07658573293524162,0.07840268947700058
1976-10,0.0544501197472258,0.0650760911185772,0.06802031600579878,0.07432145015199859,0.07457716245440166,0.0776835118703697,0.08004997402051411,0.07571387760356213,0.07680512559904129,0.07968073567780465
1976-11,0.0491094899093727,0.0582435887686255,0.061288290151493896,0.06742566428295468,0.06861851743594918,0.07725249606944384,0.07555015064033693,0.0762476229629841,0.08048487261865744,0.08368966990905669
1976-12,0.048432742911292896,0.05782933594322932,0.06330321273450448,0.06754628616663172,0.07012275055052905,0.07332926095301107,0.06977600314969301,0.06925783575428279,0.07166458013410681,0.07480668792183187
1977-01,0.055580414887490506,0.06611746546375288,0.07132748393078843,0.07601344279761818,0.0741886739455635,0.07510582025099566,0.06950506382727395,0.06954272755136814,0.07474011136023073,0.07452263625737998
1977-02,0.0547463918702471,0.0656127876118391,0.0718278693654038,0.07803087140358161,0.07665929058516441,0.07587232765282792,0.06997930446453576,0.06924391663375468,0.07417551691763047,0.07527561814507411
1977-03,0.0536296301150002,0.0650920341127916,0.07131703215821518,0.07713128131421979,0.07646217213082074,0.07767917140375113,0.07225927123815445,0.07172263577273652,0.07376179052361675,0.0743127527987727
1977-04,0.0546123467414749,0.0655969898587675,0.07011658434385869,0.07753792240697413,0.0741325091852213,0.0769461713035095,0.07404643295524621,0.07372448118884062,0.07622138541958556,0.07577228902987165
1977-05,0.0570097418467747,0.06456282132889751,0.0686341261779715,0.0755202804370535,0.0742335704762418,0.07518627091921604,0.07300120804508448,0.07426462553484525,0.07639642074962061,0.07436149479667864
1977-06,0.055869641056944606,0.06351251168264621,0.06595643153813628,0.07346984454225813,0.07186789011279426,0.07486724209060913,0.07532160337385768,0.07605269219798655,0.0776089343361901,0.07990686259549906
1977-07,0.0606864422891708,0.06683806728157779,0.06927205729098448,0.07502239180119291,0.07332469485308446,0.07575501108614935,0.07547882776145248,0.0746790009782341,0.07551441494713007,0.07827314293626852
1977-08,0.0618439760715552,0.066387442505981,0.07029154291219539,0.07193527577125158,0.07209409789841137,0.07272706922461686,0.07470910581972035,0.07653382725987384,0.07739759768897003,0.07773454323884132
1977-09,0.0647290693411116,0.06882413577731901,0.0700873637665348,0.0722074783157578,0.07352928797054131,0.07333840581021767,0.07464827146461583,0.07477740204889965,0.07526699494600353,0.07646010748460685
1977-10,0.0676101959989583,0.07240999346009348,0.07364449982833862,0.07509687314374319,0.07410838757932792,0.07515182430945849,0.07463682753193795,0.07496325666168047,0.07539146911763839,0.07622233295174718
1977-11,0.0668644594450295,0.0716007954526853,0.07256696612225899,0.07403248102518181,0.07447689098117943,0.07398476728197118,0.07471162083342658,0.07662667918801758,0.07740705765566647,0.07751595071298423
1977-12,0.0682287339455833,0.0727012904301081,0.07576278146755222,0.07770824462071918,0.07789770445845767,0.07654790853562576,0.07781035385147761,0.08005751928215055,0.08122104234718275,0.08178289727733978
1978-01,0.07053840236576531,0.07512488563698907,0.0769935307889884,0.07880155914228601,0.07800663431509725,0.07828009063354935,0.07929230170568763,0.08002862863272897,0.08083828827820316,0.08195674301770284
1978-02,0.0709613344467544,0.07658902214768379,0.07890062550138668,0.07961129524961069,0.07977616277619848,0.07820820299497855,0.08119584668676516,0.08111922643624625,0.08119590326380433,0.08186084948342764
1978-03,0.0720755850853332,0.07809043993642721,0.07906339469853532,0.07997409705879585,0.08067755823556738,0.0794506674150316,0.08210872327944874,0.08184073973448547,0.08176590151007879,0.08185919995048452
1978-04,0.0734475955590472,0.0798761121597584,0.07967138411700059,0.08016939283263702,0.07967499835119679,0.08136434307867602,0.08275444626872108,0.08278422920088291,0.08277887090827418,0.08292348130089489
1978-05,0.0771643675985231,0.0814891817495231,0.08103540449221369,0.08177060672624847,0.08327668185230164,0.08222896127639034,0.08361007874326443,0.0853471364470032,0.0848942695099989,0.08413304230869012
1978-06,0.0809133603301553,0.08445387434097211,0.08383663698075011,0.08280806466503488,0.08330366675207868,0.08293041520542194,0.0854725977658159,0.08727712326258474,0.08627614976900555,0.08526081159220389
1978-07,0.08068450451021089,0.0836417990350461,0.08308552699448771,0.08099267304858976,0.08401245402301905,0.08330139274857634,0.08463778480442119,0.0851984518414114,0.08464032290873846,0.08412241325567704
1978-08,0.081683611447226,0.08257997202491221,0.08085780156215316,0.08215531326971665,0.08282988880202197,0.08138943800938503,0.08214652203436623,0.08234958537153159,0.08091376690862873,0.08056846334588641
1978-09,0.0857536616252935,0.0828622861570849,0.0793235908917406,0.08212007401462457,0.08362450438018842,0.08388032580707816,0.0841505902236021,0.08505531743368688,0.08343598891617177,0.08323242668276809
1978-10,0.0943974384956352,0.08856597114875739,0.08696459945965043,0.08691609725762378,0.08086427957744419,0.08418844883641807,0.08649326532344936,0.0870152759302879,0.08457635437802091,0.08426498493484968
1978-11,0.0969591632591941,0.08900512470590333,0.08014796070616828,0.08193031239426307,0.08210543790728025,0.08543625739698274,0.08669588726805644,0.08639440797721498,0.08428289446848958,0.08367126738044528
1978-12,0.101746613289943,0.0934049074205898,0.08571406127949618,0.08368890733279583,0.08550049869689869,0.08667079697535413,0.08783853844789413,0.08778667381680905,0.08540665385189572,0.08496517720306551
1979-01,0.09749590887780829,0.09005288215645951,0.08011156640089301,0.08159234759283318,0.08525544299759452,0.08752719093613731,0.0870527115937334,0.08710007201524717,0.08594956929083497,0.0848853336637867
1979-02,0.098656989653215,0.09244292167812641,0.08170732595982999,0.08890233696078143,0.08832374022210321,0.08716586302121476,0.08959517983786058,0.08922382077635815,0.08599359304091125,0.08447448241865418
1979-03,0.09651702085950839,0.09249380771444282,0.08189691964191867,0.08725720071233334,0.08759851233222127,0.0864893063951157,0.08647194204413966,0.08597013665936892,0.08866204798844934,0.08851217294610791
1979-04,0.0979739631062197,0.09390154430464531,0.08423231224775596,0.08740967186160786,0.08585295808457066,0.0884061363756316,0.09118807428347109,0.08941605091709304,0.09271028429384764,0.09092386095362115
1979-05,0.09508446655098361,0.08970370503236598,0.08071618315751317,0.08569147058537646,0.08397330993856233,0.0859908645059288,0.08894280192441228,0.08915144046556134,0.09154822753173075,0.09010318058176725
1979-06,0.0897803342161932,0.084134583587498,0.08099327591694491,0.08433176003235227,0.08142961541658611,0.08482467266823207,0.0903502537770311,0.08898708544130396,0.08694326647006789,0.0866925887604405
1979-07,0.09414367537421249,0.08632827959740712,0.08265660607571845,0.08569559485210476,0.08390506984932611,0.08850769343356246,0.09148488826178913,0.08939143985941711,0.08702475799391729,0.08610639881565707
1979-08,0.100246924913105,0.08996005719869679,0.08652506539752,0.08659117841814101,0.08757023622609267,0.08971304676056385,0.09056053134135122,0.08865809220631105,0.08627205743213051,0.08524712461753803
1979-09,0.104971551051654,0.09139301344210261,0.08752473905558578,0.08581487759885442,0.0882212663336282,0.09110726790220142,0.0917974937195406,0.0909196259066809,0.09182122214444388,0.0909731406520381
1979-10,0.12382883435542799,0.10847806186179801,0.10354926209981502,0.099531492243627,0.09626260317726193,0.10262197397286399,0.10236074312047405,0.09873501968544396,0.09812810442069908,0.09718087300696887
1979-11,0.112500545673905,0.10191642138816101,0.09090114679856395,0.09597057720967,0.09737060166042355,0.10625074939226253,0.10146452298104003,0.09770118222726187,0.09566000907678418,0.09444381466263985
1979-12,0.11308363535997801,0.10219312914047998,0.093965527835953,0.09174186603747303,0.0956929820667865,0.10517241090146151,0.0983078495372589,0.09538260143975219,0.09721752496187663,0.09895689435837329
1980-01,0.117457884240753,0.106874751462373,0.09936489264265697,0.10485112151362103,0.10755712592649092,0.10965740771703913,0.10927869686748692,0.10727707730997904,0.106774841164613,0.10811971621757688
1980-02,0.144209003302214,0.134946791102914,0.11620900468484702,0.11593983414555298,0.108521925178377,0.11073430179933308,0.10989713840104498,0.11569604199794892,0.11497113855175889,0.1109944147418791
1980-03,0.150080699874863,0.12915902768564502,0.11090978526670203,0.10086946776761396,0.11027281559776098,0.11430205637810498,0.10811826298209104,0.10901825310292301,0.11129106621918083,0.11410593299081517
1980-04,0.105758811728278,0.098130020268308,0.10005233332954802,0.09404752115795201,0.09733615336694945,0.1110721500973405,0.10985568044719407,0.10583579589332592,0.10527614346868708,0.10586118031442704
1980-05,0.0857723405804998,0.0914962484515524,0.09538439554654973,0.09618760827044531,0.09935757939495726,0.10434423542848814,0.10515615607780981,0.10530286583638948,0.10559618381046176,0.10604699467037926
1980-06,0.083750029151284,0.09326903793642559,0.09548304109330258,0.09264134743596342,0.09717277316517392,0.09974987511520073,0.09989723893889346,0.1031349765221451,0.10197328038686537,0.10322558725967579
1980-07,0.08975040311663729,0.09904853315227949,0.10183173988498409,0.10061445758928433,0.10167639170332438,0.10224993376429936,0.1040641699100815,0.11134999333453366,0.1112955045553099,0.11149577238630604
1980-08,0.109633447071351,0.11372527875977698,0.111824254277199,0.11564425868451306,0.11749109617319997,0.10938706774997398,0.10169795033936901,0.09843794026957697,0.09870947615834902,0.10377123913030106
1980-09,0.117924890943362,0.115715496750598,0.112986211848642,0.109845484290434,0.11460673334494403,0.11365323571454,0.11175277791543303,0.11072701052752687,0.11177374912962112,0.11676746891864909
1980-10,0.128992787463276,0.12094987170881602,0.11892052876855896,0.11727326639997299,0.11346271347592102,0.12010944118679501,0.11905286631794709,0.11818615029279289,0.11975006237543984,0.12200855302609015
1980-11,0.14084668451515,0.124195413528668,0.119366797293525,0.12317600845056098,0.11536239267732107,0.11105210004706889,0.10869175832294908,0.11052494688674097,0.11332434075950193,0.12046751177818416
1980-12,0.13121511310699702,0.11441586148293098,0.117396656468019,0.11919574687653706,0.11394796683422087,0.11518677824333912,0.11684783021660283,0.11345251502628118,0.11106796008203101,0.11597167596253088
1981-01,0.13566084399793,0.11605407721530597,0.11780223140955504,0.115676031885593,0.11803304793771596,0.12356911004371007,0.12343290630520598,0.12111690312694401,0.12010098458629792,0.11948935781194203
1981-02,0.13672102096483799,0.12589204567550602,0.13121510613111398,0.12850186088191395,0.12492210397010817,0.1276792843425839,0.12418315284120285,0.12306775396499714,0.12411326968874703,0.12541063121612894
1981-03,0.125386590416785,0.12558324575827504,0.12892767861481996,0.13021190728240406,0.12307766561379097,0.12457660798661085,0.1235808985222252,0.11901254296027297,0.11762606269161302,0.12255823557308299
1981-04,0.143660055177868,0.13607992699703603,0.13436988956263796,0.13554174729205803,0.12639181138267996,0.13578447098479596,0.1330062546368671,0.12583482084364883,0.12214172259422318,0.12550527700120506
1981-05,0.144221951163161,0.133789578646605,0.12590985317529696,0.128917997962249,0.12285370912045801,0.11614614045055394,0.12155446212482712,0.12164113950045696,0.11987021426682198,0.12464569916590995
1981-06,0.140794723708442,0.1353063378813,0.12934585174982205,0.13342558612767996,0.12876720476158598,0.12436735200443805,0.1293942234253258,0.1253867096906861,0.11932269915763394,0.11833805459987601
1981-07,0.153660718071644,0.14408566303041598,0.14193998082940595,0.13647953161501403,0.12906217895569494,0.1336475768723231,0.13360835208211996,0.13562831859818203,0.1341966591776429,0.13175492219519724
1981-08,0.159619566575794,0.15399309702497202,0.14601215627665898,0.14634917087978705,0.13637294502844288,0.138429199019249,0.14615060985898598,0.138951074731422,0.13016290777472328,0.12451018415081494
1981-09,0.155619961833106,0.158758576440306,0.15269124597306805,0.15193614422781998,0.14076261412290503,0.13957745598536697,0.14717389018623006,0.14876167362290182,0.14972926440312806,0.14885985991247797
1981-10,0.139140328453915,0.141000531600537,0.13719227477588003,0.143848367403616,0.138170097750402,0.15859934206270987,0.1409926416076841,0.12896372984375204,0.13040576195736397,0.12419694243206014
1981-11,0.112560539628866,0.122895122313672,0.125877716274976,0.13287808872474605,0.11910996406464003,0.12245920242395991,0.13395330177374998,0.12840855844939003,0.13442016122377987,0.12999668653046026
1981-12,0.130515998732032,0.13574498282855396,0.13591875370051398,0.13998544812089997,0.13258835131828006,0.12976880863362206,0.13493279990400298,0.13471452474531098,0.139839796513328,0.13777210786490612
1982-01,0.135693593150169,0.13662444592037498,0.13721083568929104,0.13724484847500895,0.12738442230278102,0.13897721334134105,0.13954334385467992,0.13869157318037806,0.1407221328527808,0.13190495346740527
1982-02,0.135172892172956,0.137274751072218,0.134530401379507,0.13426795207919096,0.13312690663081805,0.12898156021904394,0.1323728258266179,0.1321216113213841,0.13489158881736496,0.13303537193882886
1982-03,0.137281654276415,0.13755241164448098,0.13813331810562496,0.13787485211249112,0.1298560242720579,0.13587838580078604,0.13331809123723493,0.13433781869332506,0.1349686261793699,0.11195108606440418
1982-04,0.132335513030687,0.134811723273789,0.13359779250000103,0.12953048554755897,0.12525367064029402,0.13855367572903587,0.13367964466458115,0.12658565599511684,0.1344925951056528,0.1196763405950434
1982-05,0.126342098057822,0.13499048038983,0.133351009188733,0.13306769588313494,0.12680698629802,0.13135864773609007,0.132626988844866,0.12924131446491993,0.14350079381057013,0.11553330847824417
1982-06,0.139690259490509,0.14145984696317299,0.14158118462102598,0.13756265388907207,0.12791618951175,0.14407225828950587,0.133164819756308,0.1318066767378242,0.14580211637108498,0.10227820237098673
1982-07,0.124121512107062,0.13128227961112598,0.13656840872410198,0.12650484581939403,0.12083787428664605,0.14908776868399187,0.13187907876810523,0.1348333953707248,0.13945992927177397,0.09964209989943384
1982-08,0.109375757911098,0.12290851117967398,0.127360853572128,0.12276126117284003,0.12018325974412497,0.13780003166700705,0.10529777945733187,0.12565582677410014,0.15306492474786504,0.08976123695654081
1982-09,0.101274242806984,0.11864802389589399,0.12155868197316702,0.12026564872401896,0.10310143198799604,0.13646809591244202,0.09987464575415783,0.11570321280044416,0.14578043617831704,0.08101198155081879
1982-10,0.09205144018412151,0.10485503782679528,0.11178369174490624,0.10663039091349297,0.09897040759984899,0.13369031378339902,0.08837206556336397,0.11143170728493601,0.1343280190196401,0.05349305518597591
1982-11,0.0917998269252089,0.10311237176113767,0.10915861451992842,0.11296605016740902,0.10620547971147604,0.12611915352248393,0.09804455839947102,0.121726007257693,0.13221061782027088,0.05126775759813107
1982-12,0.0872338028819938,0.1000467784733824,0.10760293994685607,0.10736891448960773,0.10553096055705502,0.12275610289120709,0.0960374517859709,0.12056971482673495,0.12384410225672104,0.048594897949601035
1983-01,0.0883802736712528,0.1015112306158918,0.10864907046646063,0.10614926836247074,0.112051536732864,0.12924077849067805,0.10566160968719795,0.13119877599107999,0.12146365342300092,0.05748859991245303
1983-02,0.0851172521356839,0.09841758804800331,0.1033706446840732,0.10477699904499799,0.10525435421772861,0.11468278204793908,0.09793112980537699,0.1282243418381409,0.11879797308747908,0.053089433693396915
1983-03,0.0914859073331515,0.1014268351729979,0.10526390312764292,0.1081348645688957,0.108588730262757,0.11353914428854894,0.10009603755262808,0.13013363748808193,0.11224260403891495,0.06203542898237091
1983-04,0.0862944218299495,0.09759337257486032,0.10175454511974982,0.10459545387087393,0.10919121797848391,0.1094752623227665,0.09901701336767799,0.12919856101234206,0.10263448564215205,0.0562766662021128
1983-05,0.0917362958940682,0.103600658561847,0.10689838832578286,0.10989302046678595,0.110501971936801,0.116971627928111,0.10504423973256893,0.1299912941156991,0.10010071649048802,0.07729964674772805
1983-06,0.0951409785707882,0.10503422898245583,0.10893472044861996,0.11198089844301201,0.11167754436457894,0.11463989762501703,0.10675250043412599,0.13431226514645012,0.09492098073098387,0.07959563835608818
1983-07,0.101605387438902,0.11286109931245199,0.11662843263389705,0.12246171624568097,0.11934473760889802,0.11628743117632001,0.11966239391340894,0.13880535554596107,0.09867024838726579,0.09722448081230417
1983-08,0.102601159457358,0.11406378127405402,0.11980755680473598,0.12052321448925202,0.12466086062191495,0.11907750842778098,0.123314852217286,0.13067304771531407,0.09729746872909006,0.09313273811350387
1983-09,0.09619834588790789,0.10855957594600811,0.11369424497263098,0.11739900962784905,0.11969224947361395,0.11587058694288399,0.1199018126336191,0.12934412095467096,0.08556687341991198,0.09461065755505382
1983-10,0.0952622093541249,0.1104720363281071,0.116135782756385,0.120500989851339,0.11939133912214389,0.11890192421306811,0.12335581835325604,0.13044472188726397,0.09322475694532983,0.10760230379490232
1983-11,0.09662582618446,0.109999550527726,0.11432073270503201,0.12121058204844198,0.11801782980658998,0.11679912364202005,0.12069229832035899,0.123416089460059,0.10062592855281416,0.10240440077401791
1983-12,0.0986426077625905,0.11229314182296952,0.11523882468813298,0.12151949127657496,0.11937139328292207,0.12032533344018204,0.126518663152002,0.12480162244332993,0.100661914100165,0.10442717930083112
1984-01,0.0960031039923331,0.11000954503716491,0.11305436647700201,0.11798147356410399,0.12029007191642105,0.11819742986832493,0.12514576789089704,0.12348763844853705,0.100980123131995,0.10702063946906093
1984-02,0.0998590717920603,0.11378478515009771,0.11637520527098003,0.12468388617795795,0.12358611988298401,0.12104395934136991,0.12643212399523607,0.12140548716760213,0.10889906802025995,0.11408264591530193
1984-03,0.106206962981648,0.11847805611082998,0.12158574190108398,0.12594764151961407,0.12688847939073888,0.12802740956332914,0.13288216638873795,0.12747515960023403,0.11217948909622688,0.11741804793732702
1984-04,0.107250734194311,0.12166350221615899,0.12484084302522996,0.1288288226839721,0.13193020607897799,0.12930159955127185,0.13509231621559503,0.12800239350880305,0.1163212505359521,0.12208812913036793
1984-05,0.118350833534181,0.132632364002461,0.136941233498579,0.13849871310871897,0.14369125497858004,0.13847690935517598,0.139404921397565,0.13805452495033899,0.13093282439772902,0.1308745815918808
1984-06,0.11905466625014,0.135462799352344,0.13642397666658002,0.13682757420105995,0.1381269442322961,0.14002096904225392,0.13782806944165804,0.13601818880444405,0.13190443768829074,0.12952171767364318
1984-07,0.11557545594888,0.12787881652083,0.12481811419482,0.12673031554038205,0.12773355999841296,0.12941038415678696,0.1315758432811801,0.12591507438938798,0.119919055402679,0.12083137956562084
1984-08,0.115812440771015,0.12673817307990098,0.12478094376940799,0.127291711336736,0.12687445176652,0.12671344439702992,0.12888202285379913,0.12263483844771095,0.12001156766291698,0.11821676057187314
1984-09,0.11102636254243899,0.12313524512976899,0.12325060588663103,0.12402099016328899,0.12427737276210699,0.12476869602236107,0.12496490289713091,0.11705930389808095,0.11526888261566404,0.11449064116824803
1984-10,0.101479388064483,0.114855633421207,0.116477208414074,0.11668791544162799,0.11683958562935809,0.11992377237783791,0.122420410928469,0.10995366087651903,0.1123780106855008,0.10592556293325317
1984-11,0.09423208282875051,0.11097803866136549,0.11312951470042601,0.12226719288580201,0.1148391392675609,0.12351572861222104,0.12724504237311707,0.10481222565249304,0.11046025401218895,0.10369229806069491
1984-12,0.0907810609954555,0.10738268291783111,0.11344187518532733,0.12029961540205802,0.11591986157474798,0.12931540912373596,0.12916529450854608,0.10108143742630604,0.11630097135035189,0.10556904792640998
1985-01,0.08890720806353251,0.10566792905966609,0.11039000499158638,0.115752762858635,0.11090355549832498,0.12240601031118103,0.12011576464922802,0.09035400930904602,0.12645353565709294,0.10424603759789697
1985-02,0.09646459926581491,0.1111554525388131,0.11752357861451701,0.12445271525163099,0.11780410488898896,0.13132599748719698,0.1279617364529081,0.10159052011414604,0.1284052098209828,0.109039209488901
1985-03,0.0944825047498216,0.11022313653469439,0.11422296922709599,0.12254226293255605,0.11544277747493703,0.13099241494465297,0.120887165564319,0.10150154782980303,0.1251422203376461,0.10993005730830396
1985-04,0.08955081713636069,0.10699083994259091,0.11152400209438235,0.11902543012270206,0.11314129214498903,0.13235166752988692,0.11566619620728802,0.1109988664948881,0.12639541680230892,0.10253685026788295
1985-05,0.0798837035989289,0.09667916748143948,0.10111360262045044,0.11151146636011394,0.09893254413353075,0.12059765254764243,0.10041680691952115,0.09812103856589283,0.11712212493102803,0.09850171163931187
1985-06,0.0772438094524513,0.09559483574489189,0.10135502301706281,0.10849305991936642,0.1050767921883276,0.12631107549652598,0.0964786369575159,0.09656542683973812,0.11664894024748707,0.09858334395817281
1985-07,0.0810825831883634,0.09774180986973918,0.10509710458352275,0.11392118263277268,0.10565522728937199,0.12752282137816806,0.09679567357235386,0.10750831923216408,0.115363957728569,0.10060704540682497
1985-08,0.07961135422955029,0.09591370388134532,0.10352195413345208,0.1088380501356147,0.10389477567919309,0.12097101467852056,0.09164500956616384,0.10669231558250414,0.1084549649896871,0.10586941196104893
1985-09,0.0799744607933508,0.09483463078173601,0.10098765450597838,0.1101736125955608,0.10536361049161003,0.11915609438724195,0.09484230223131906,0.10926223802309898,0.10727228953774892,0.11330654007763508
1985-10,0.0791184789602481,0.09207157381733272,0.09831560997230948,0.10393820084175331,0.1052618493031734,0.11552429410269782,0.09058260894919401,0.10565575156360874,0.10275266508101455,0.11103780066274793
1985-11,0.0777602351559145,0.0883286659923853,0.09386711814999069,0.1005512518754435,0.10182834281341352,0.10700100356422393,0.0876122772731025,0.10316646560969556,0.10150524748523349,0.10909322923550702
1985-12,0.0757230603607482,0.08177066825779421,0.0881125840105019,0.0933839039561769,0.09367872483707329,0.09807862710398285,0.07828090546495581,0.09286073309515008,0.10466969413634819,0.10607605999737357
1986-01,0.0757341881701209,0.0822574250909349,0.08813435818425419,0.0929250892123912,0.09594166692468281,0.09907246314571788,0.08225891870840774,0.10156349048121194,0.10151141202196423,0.1038771418772183
1986-02,0.0737258685695302,0.078958138489998,0.08123777779909161,0.08150451258221819,0.08641929695768302,0.08521444111775439,0.0673441425843625,0.08668408381080928,0.08540885065348436,0.08822774388631738
1986-03,0.0676756028682828,0.07122302715702021,0.07568150877177937,0.0771551659415684,0.07839827215423523,0.07412954897361024,0.06028093666700213,0.08187819001693764,0.08077365535251191,0.07867646558286412
1986-04,0.06533402740638311,0.07263523041334688,0.0758652022409764,0.07721621316806482,0.07903562671058378,0.07559363858165763,0.06961859185889752,0.07826178004192508,0.07815594766729816,0.07698404207051568
1986-05,0.0683539182090219,0.07858446984689671,0.08564303320118671,0.08770491277750667,0.08495513974184105,0.08219726234032176,0.07652760411598647,0.08446637756139963,0.08459830200764917,0.08026468108761386
1986-06,0.06465646603240781,0.07256262755324978,0.07991720938345603,0.08052440391270516,0.07964522584264377,0.07513324799888421,0.07172829125972491,0.07906469396909388,0.08060251854705136,0.07601773759890396
1986-07,0.0623248865764666,0.0698627381632588,0.07679869894482338,0.07899370849381643,0.0809227747216848,0.07698277161431138,0.07526354705659366,0.08370386143883213,0.08201720502555743,0.08225499600359343
1986-08,0.0551172477708594,0.0639431611936172,0.07042037965239191,0.07277124572246468,0.07850935646567431,0.06868186478002797,0.07822971350516583,0.07748235090121947,0.07880891444366833,0.07963718107727091
1986-09,0.0579860679010982,0.0695523658910166,0.07630293435337002,0.0803187237111368,0.08211606737944188,0.07817453848641831,0.079761919614874,0.08223365163551377,0.08322344050989239,0.08559143974131711
1986-10,0.057410505288913595,0.0659330864144754,0.07249530665590129,0.0753615602852005,0.08135942951502678,0.07820981735905086,0.07863765645436827,0.0809548010293345,0.0815132024992391,0.08466855640763371
1986-11,0.0575884083184022,0.064730822866163,0.06930742280630453,0.07341132907681788,0.07678168776572242,0.07767073030332972,0.07931839548346775,0.0793863355844685,0.07760170750734963,0.08353275306811037
1986-12,0.060268974020554394,0.06666325445065621,0.07013669763570851,0.07340316632888488,0.07453831295881252,0.0772087319940109,0.0803515645202299,0.07817055113494742,0.07928873519854418,0.08436961954119304
1987-01,0.059149385358558494,0.0652201480674785,0.0692237737022984,0.07291639029486141,0.07402740602180119,0.07469226015536301,0.07875574765163429,0.07827942859702397,0.07988946697945842,0.0847169112297923
1987-02,0.0597898728352089,0.0654871068634619,0.06935354224407642,0.07197660122508076,0.07429705526041408,0.07355729995472238,0.07686742678777203,0.07793314182261235,0.08001777045583947,0.08288831902534077
1987-03,0.0619026255935241,0.0682508259879723,0.0716650450600416,0.0748441130975076,0.07668304592080544,0.07917710732284816,0.08151935253419851,0.0787211053017175,0.08321023214156298,0.08461291134640081
1987-04,0.0681836803483413,0.07765824401430971,0.0813894000905177,0.08296206532944608,0.08392537017235774,0.08419127954340472,0.085340856980467,0.08908399726188942,0.08245199807445713,0.09000164692011214
1987-05,0.0707541688916539,0.0814441873635949,0.08433069198326529,0.08452516395954432,0.08676406656913316,0.08418808998418459,0.0882190044928608,0.09261260613546707,0.08891396681630237,0.0901274713170066
1987-06,0.0684162752264564,0.078491320870451,0.08360207769434419,0.0844429245139468,0.08599605529171112,0.0857314388279663,0.08959118550813078,0.09205155202745263,0.08795774511776511,0.09075904626391273
1987-07,0.06866377732950829,0.0800883228242289,0.08586828831454602,0.08541253458638759,0.08917049135401323,0.0900749864219208,0.09224244920454161,0.09303116553714319,0.09430417070383734,0.09380461256651906
1987-08,0.0718473492893139,0.0838483109189707,0.08916430214592291,0.0873335410449593,0.09077570719949773,0.09369016006318642,0.09737642288297166,0.09818116031685731,0.09452984361089023,0.09711176647109687
1987-09,0.0783306946933575,0.0904574009609377,0.09580713782316291,0.09497255119397868,0.09595520148844378,0.10161684337345961,0.1012646972984318,0.10226719892854641,0.1013550640268035,0.10165287211957907
1987-10,0.0696889586654821,0.08290726757924051,0.08801148563454966,0.09179826406569974,0.09013908901300804,0.09533581662902413,0.09964678904202862,0.09213520712134804,0.09033412279476483,0.09286009506849835
1987-11,0.0704485450131531,0.08312307631659831,0.08656686008020895,0.09118261531982486,0.09197281541848984,0.09652049211939806,0.10014653702537413,0.09554490853646158,0.09363772542682403,0.0953292532213803
1987-12,0.0715602907434685,0.08187501799545331,0.08523517347985937,0.08846146252459725,0.08876361347427114,0.09433873872477805,0.09706668405789509,0.09289384603360606,0.0934060551478616,0.0940194503981937
1988-01,0.0672666785572081,0.07540238977116971,0.07842658434656649,0.08143822101471532,0.08232939731948385,0.08972436620139529,0.09136725490530517,0.0882067144002241,0.08680992352674866,0.08845955299993735
1988-02,0.0658640147332306,0.0744059320423008,0.0774585588796361,0.07989794656089372,0.08187399782666333,0.0869428892563388,0.09105906789955254,0.08871788575152084,0.08775937839470294,0.08938101866465442
1988-03,0.0680249963453918,0.07782453295140881,0.08164524830007297,0.08600998417285399,0.08623686058394092,0.09216601517173373,0.09530401412620726,0.09196241180102571,0.0917553807501319,0.0930144049443119
1988-04,0.07072559573345,0.0811260528484366,0.0844719540878115,0.08821566343478349,0.08795303243385644,0.09428080095128022,0.0976090555206287,0.09397943144138898,0.0955853921934644,0.09624631732418165
1988-05,0.0758775641957901,0.0857043855818571,0.0873899836672476,0.09150662854720923,0.09127094391017099,0.09545522665261197,0.0996968734685667,0.09798068776216717,0.09753191424246854,0.09785254834837265
1988-06,0.07458479032066491,0.08277871170266969,0.0839647436030383,0.08687523236230232,0.08685477317523327,0.09276681831135503,0.09433550975311245,0.0923861653369833,0.09373727693051415,0.09320520367299445
1988-07,0.07851942501036391,0.08633476643551108,0.08630071032873088,0.08910112637244894,0.0894809949374537,0.09481817522410424,0.09733585279409185,0.09556281014826651,0.09634326170737095,0.0958023372237149
1988-08,0.08221134549583979,0.08866229691643902,0.0878360067928271,0.09177899341137924,0.09065722259859882,0.09429483680573841,0.09495593344074194,0.0953367826882997,0.09526718763180542,0.09562089081986169
1988-09,0.0806065492565709,0.0850688485403453,0.0839448358524118,0.08755599122913799,0.08694534683487748,0.09155557921373475,0.09036155654764122,0.09037352670647014,0.09163804136518905,0.09264050599891938
1988-10,0.0791951274665981,0.0826052490308821,0.0822628509849867,0.08265935024709509,0.08424254410479204,0.09010299210880773,0.08880605333299774,0.08855990141739167,0.08934133992852655,0.09001668497069315
1988-11,0.0854642025817138,0.0883438222582218,0.08652268088190232,0.08807747948222089,0.08866244019850078,0.09281103734314244,0.09026256543441591,0.0905587246041677,0.09133070205558946,0.09214124151016179
1988-12,0.088878057464569,0.09063833681150879,0.0904302421761431,0.08877493038840029,0.08906100495870634,0.09284137402072051,0.09105376042850877,0.0895007620826368,0.08706414267114404,0.08659277231734641
1989-01,0.08885942540200781,0.08974359326762918,0.08927672609432682,0.08776936638459015,0.08656459370999753,0.09034494700484086,0.0863188276174004,0.08758670468982321,0.08609627756150029,0.0851210269367958
1989-02,0.0931712333754863,0.09396251446336168,0.09262421201982793,0.09148397428775168,0.08966461422885441,0.0922697529155645,0.08990654985222979,0.08953637260380942,0.08863470890589786,0.08813617545643737
1989-03,0.0958777701433597,0.09527776001749651,0.0936968020248791,0.09103092635713633,0.09087340036663238,0.08629963269254437,0.08749590779915029,0.08854442856938383,0.08667988084907885,0.08542471930405848
1989-04,0.0906978875840791,0.0905526157799103,0.08848906072759188,0.08786667791169467,0.0882849014255101,0.08862756454130677,0.08790358906934803,0.08767179552518078,0.08662376623396506,0.08609862178788419
1989-05,0.0876908880849194,0.08560559445566601,0.08552872445790885,0.08426000351239493,0.0856691481596748,0.08243455229151275,0.08364830288175495,0.08444239234270101,0.08407110203064871,0.08382111237316547
1989-06,0.0811192161238011,0.0783625946558521,0.0788309064036497,0.08006749095709428,0.07874535333046279,0.08291669034669202,0.08072465891186076,0.08083784498095925,0.0809063312084618,0.08122322899437417
1989-07,0.0762619458924965,0.07317416085568092,0.07429746778797058,0.0740911173996992,0.0758388183047553,0.08099732087852474,0.07867512996001147,0.08103405104776373,0.08205924413613563,0.08321827390300696
1989-08,0.0824885953278731,0.08255478427153488,0.08117232594005122,0.08075746527646394,0.08028715389402735,0.08329783148056419,0.08109678289886424,0.08143327270694667,0.08117538781269873,0.08077538100072579
1989-09,0.0836125809453924,0.082661932192623,0.08236620942501963,0.08188453959454575,0.08011721435933267,0.0851852038919148,0.08099641906518856,0.08130634219859512,0.08101684340407511,0.08088550824012086
1989-10,0.0782372096212802,0.0772331948827088,0.0775158562392719,0.07813983965302151,0.07850492597394454,0.08122128237766968,0.07770762872976111,0.07876642376074461,0.07940433102205013,0.0802808580000326
1989-11,0.076657960978365,0.0761853309999784,0.07666167154116621,0.07765018330859835,0.07792041917085502,0.0795376003516346,0.07790707022063992,0.07917925065702325,0.08002356490794538,0.08140128377914091
1989-12,0.0779999045360443,0.07798258432604069,0.0778367082317501,0.07805967310153655,0.07735769450579433,0.08399065872946698,0.0790964338161263,0.07936121431491439,0.08041479300205412,0.08241964224834619
1990-01,0.0807278130570806,0.0827090069940776,0.0824008732723793,0.08360006953302612,0.08400111884126438,0.08447378796302857,0.08307747833890777,0.08470903558219245,0.08613632315957898,0.08781565479203823
1990-02,0.0806267493392086,0.08463075194226738,0.0837006124551693,0.08575526813135875,0.085144789899118,0.08516094245651396,0.08467767466830478,0.08482107318414556,0.08539745003700172,0.08758807322654494
1990-03,0.0829700698178527,0.08677516296009992,0.08585923315837218,0.08632376433162725,0.08621726767596449,0.0847838018432786,0.08451768500280643,0.08513932174796879,0.08606655480419656,0.08728834043468303
1990-04,0.08546345798919021,0.0902391050053422,0.0891355184143846,0.09062768936823695,0.09025009991274652,0.0889841764526943,0.087986021251649,0.0889210306408339,0.08973144124712673,0.0911632224732295
1990-05,0.0810624590438444,0.08532366058914939,0.08462278132846832,0.08647020972820829,0.08738144806305659,0.08504807810742299,0.08461875556512821,0.08617479910209858,0.08560470490330041,0.08786558990693283
1990-06,0.0795322509543825,0.08220050120681248,0.08318469489276065,0.08437614572776153,0.08547846549243832,0.08403252160017233,0.08446517552822952,0.08434281409635791,0.0840434888170255,0.0862246803734793
1990-07,0.0766188068768231,0.07921113337188951,0.08038598255120627,0.08292825809283955,0.0844792721664041,0.08363520458334767,0.08533272634777289,0.08670733217720006,0.08618214892864207,0.09011511584507981
1990-08,0.0777793243232491,0.0820000952820279,0.08461766888116881,0.08951266092805577,0.09032976183100239,0.08975519822225109,0.09153157546149882,0.09210490109421254,0.09247937004271711,0.0964117196149964
1990-09,0.0767698667207787,0.08102312367255168,0.0837594636031393,0.0893340484475767,0.0898864613752891,0.09003000570432784,0.09221079861360881,0.09187180739209189,0.09108168050309351,0.09342525702708837
1990-10,0.07427382005593,0.0786214931220584,0.0818500264502541,0.08648409533612311,0.08827027952584143,0.08863628420690939,0.09075637513783763,0.09202154331522594,0.09162748282229316,0.09329806041241684
1990-11,0.0730857232203915,0.0759918195980005,0.07803042229865631,0.08323157654298288,0.08357272622179679,0.0856332604278568,0.08721128323837668,0.08762656927369927,0.08598952308169272,0.08712440641246044
1990-12,0.06899355586305,0.0733467271215304,0.07717480712812308,0.08173552174343651,0.08190755852876652,0.08650974827906521,0.08774037306012883,0.086133107360857,0.0836764135142587,0.08636646842430673
1991-01,0.0662198465676964,0.07309339252975279,0.07630553684143049,0.08214436213432191,0.08275171491645544,0.08353803258834458,0.08587201085136353,0.08624391793194763,0.08523294923650093,0.08892050669814944
1991-02,0.0649018702696539,0.0735356200937387,0.0768841301070115,0.0826675280555203,0.08375065701990514,0.08341027090306852,0.0854741945929477,0.08685758246022068,0.0849504811997901,0.0879021637151226
1991-03,0.06389636634225421,0.07515949809661579,0.07835844267663761,0.08478936378531557,0.08410600618613978,0.08582373943740845,0.08515041342138335,0.08467062479168685,0.08350449316405806,0.08588393206706535
1991-04,0.061999403228018994,0.0737913095746828,0.07693105368100159,0.08455835380219101,0.08427319963143315,0.08668878853085726,0.08582977633274991,0.08469257193901891,0.08422079922428938,0.08709584535318604
1991-05,0.0620428815121935,0.07309915874009168,0.07675081339582313,0.08569355600283327,0.08506790461266794,0.08726642522663386,0.08649533552689881,0.0859946268013122,0.08628506491450716,0.08680729953369637
1991-06,0.0634100768295617,0.0743803010136519,0.08095106261408891,0.08826021269817866,0.08676353833070433,0.08867942429435904,0.08772512594190696,0.08795355364012447,0.08700003739028894,0.08534800771656414
1991-07,0.061764626273312195,0.0732052653531636,0.07906487564870751,0.08611876613887068,0.08593425615115552,0.08848037962794586,0.08793466223181257,0.08715631731599516,0.08693492869657615,0.08689021516371886
1991-08,0.0578590192149398,0.067931006370889,0.0743193099729291,0.08331694463038927,0.08242224739372883,0.08712207105145914,0.08674137984217217,0.08420539990663345,0.08515575216935911,0.08697340206285609
1991-09,0.054952505423478605,0.06468320325698582,0.07056172931638677,0.07899305618133923,0.07816796815850507,0.0838556485651325,0.08288867260049887,0.08099844009110113,0.08341410333186672,0.08387675266864336
1991-10,0.0515890502101903,0.061908600744222296,0.06891985445920222,0.07877026322054878,0.07813707174829893,0.08524785988686562,0.08465225208007321,0.08443211755772506,0.08637947301170623,0.0889416198495474
1991-11,0.048029240652162006,0.059121366905969794,0.0687381291214583,0.07800228990039709,0.0763647514298913,0.08662550794732266,0.08581334995074658,0.08746729372984186,0.09070358818033464,0.08909089582401075
1991-12,0.0420428173004888,0.0532090045390316,0.06303718336206439,0.07316997724248803,0.07305540296256463,0.07752919723817037,0.07763422592225461,0.07881588952636476,0.08175134774010862,0.09001670377391124
1992-01,0.0437157550837726,0.058651608366187,0.0701968823403961,0.07872533199769313,0.07851676872962421,0.08589618828270196,0.08498442001416662,0.08568431870672233,0.08686367799800421,0.08728507957071896
1992-02,0.0445148992923353,0.0601167351422811,0.071181898575397,0.08004753021854377,0.07863400507742635,0.08497299399838709,0.08441765329460416,0.08230648839832999,0.08075252672234601,0.0855575383806283
1992-03,0.046705017185985805,0.0650214096403508,0.0767701381100594,0.0820810983666212,0.07884874774869782,0.08791319498082395,0.08352925636494535,0.08402783039680284,0.0835299201302866,0.08415183699476914
1992-04,0.04406819155676969,0.06337809570480471,0.07534789938551348,0.0822044414947333,0.08183140357593582,0.08814607059347374,0.08592863158393804,0.08806520642115434,0.08878711377676063,0.0850676834632722
1992-05,0.0427733172940305,0.05975548557843549,0.07158078467210452,0.07822205401018428,0.07996551884007724,0.0825897260217549,0.08499472668692626,0.08780824640046603,0.0898378295024933,0.08376916262149936
1992-06,0.0409693429350971,0.0551942010784823,0.0673725799546388,0.07604759642202338,0.07847777337069392,0.08293316345739704,0.08404878970419144,0.08616392117551763,0.08856634259678797,0.0841098696836825
1992-07,0.0368553001035205,0.050770264885261714,0.062293855677638094,0.07177380763618252,0.07526471911573471,0.07907238322820825,0.07775114875338957,0.08147282385467819,0.08288816238200136,0.08356654508940109
1992-08,0.0350863864246984,0.047550483047232,0.06028122488266728,0.07043804002199794,0.07369815774011784,0.08160986572485213,0.0796016750627217,0.08417598649735031,0.08409926704839743,0.08304112849344392
1992-09,0.0314488321588014,0.0445999566424284,0.05650374314767083,0.06730857861649939,0.0722534353030595,0.07830204522029627,0.08097116941926957,0.08400692586177311,0.08249558075941199,0.0836518937751326
1992-10,0.0365983961676476,0.0521360123458682,0.0638910091600127,0.07314957233018951,0.07425676108204002,0.07931410740745481,0.08151360600011576,0.087400922041041,0.08343641743157193,0.08421570894444852
1992-11,0.0393990385008928,0.05667429622612201,0.0678515469731447,0.07544869541488489,0.0768965116111606,0.08029844062708319,0.07964891690262893,0.0809567408397125,0.07731251135453154,0.08462421387533392
1992-12,0.0369249452362069,0.053582834799630705,0.0659338326765979,0.07357960254957929,0.07704819752599118,0.07816681972460787,0.07673013137322837,0.07651077137782336,0.07565808161602305,0.0818333876899413
1993-01,0.0348616801964107,0.0486870331421823,0.0604537235393129,0.06622113470330487,0.07167672468110672,0.07669796013921332,0.07471241072187462,0.08179984692501535,0.07836141275441333,0.07598788248045185
1993-02,0.033572604278221,0.0445276934520124,0.05489704963515969,0.06432337329797008,0.06764438089614935,0.07131329899502903,0.07291893288349427,0.0807107133582114,0.0763942345566071,0.07144680795688663
1993-03,0.033698700434389404,0.04474091599987099,0.05601351608612362,0.06422262463756756,0.06726532354751094,0.07153650813777707,0.07455536732888368,0.07687623519509434,0.07436865759046024,0.07545391074720409
1993-04,0.0328718860690367,0.04272760694776329,0.05485858527070411,0.06284726375272551,0.06833928191125035,0.07222711071512,0.07480717328481279,0.07872566977187045,0.07551216366323749,0.07475371811780429
1993-05,0.0363144409973299,0.047152961614597894,0.0563313372738133,0.06314502045020731,0.06647738891501209,0.0703618488905089,0.07456441596355917,0.0782504020743322,0.07501112608817745,0.07488251173470173
1993-06,0.035055899407659796,0.0444288194481576,0.05340785189992209,0.05842031702430811,0.06276514311263995,0.0656563686445572,0.06741232561136107,0.07117682951576054,0.07132416522868879,0.07195286306958781
1993-07,0.0355981106875929,0.046164272861967906,0.05401642943598392,0.059864485150557284,0.06324211579221697,0.0649319127042794,0.06577776622868436,0.06877576454878764,0.07117764314156455,0.07152061235197504
1993-08,0.0340626011050087,0.042358005164320096,0.04948814154368551,0.05466546158090049,0.06002523943503721,0.06104460914265919,0.06525165041163689,0.06780223671671831,0.06818757606406578,0.0691326945841999
1993-09,0.0340206481461459,0.0427773374161637,0.0506208482698462,0.05512726022569939,0.057706084731419804,0.06046865356602302,0.06218955998977532,0.06426005088490344,0.0676125032283969,0.07014258162062431
1993-10,0.0349367521911108,0.04414707348914159,0.049879989193869614,0.05551289619801,0.05827077691255747,0.06115565753490532,0.06336168733979336,0.06366082986385108,0.0654559535457439,0.06787791823152989
1993-11,0.036186759850468604,0.04715919483432759,0.05307362512377914,0.06019900678900025,0.062353026273876455,0.06507006366084761,0.06862277197259675,0.06906278528533566,0.06926192464526415,0.0716669735460308
1993-12,0.0365191804203741,0.0474278061011111,0.05321356393654299,0.06102938097494143,0.06303836389614983,0.06334400470515655,0.06591189264832692,0.07040316256829948,0.07037392889284966,0.07145165807129383
1994-01,0.035080286352666,0.046292570192179396,0.051830506398507406,0.05733670560171039,0.060715426651861776,0.061667399583102855,0.06626511908256788,0.06862519144567392,0.06707868310260945,0.06857134335835002
1994-02,0.04040961397847451,0.0523826991573573,0.05794040331704861,0.06369529832727597,0.06595017800473613,0.0681395288044267,0.07171597918787043,0.07109967351814955,0.07148555925271771,0.07289118276909212
1994-03,0.0449943290631712,0.0585164307946038,0.0661717822987721,0.0704241140850477,0.07222198121651571,0.07403771922461405,0.07671173962186068,0.07541152963906278,0.07859489819155796,0.07861983660260408
1994-04,0.049840160441974396,0.0637926638557656,0.0700109931744067,0.07328688276285733,0.073043269500008,0.0733320903150228,0.07590231369225847,0.07785284677918913,0.08149720787360448,0.07942801711461811
1994-05,0.052501782167128204,0.06603629190505839,0.07091761124839067,0.07281378338170913,0.07363310216433061,0.07417462011368259,0.07780818718420501,0.07844087637848418,0.08031537748763073,0.08004573443649143
1994-06,0.053815647097363896,0.06778485190156372,0.07232032435125751,0.07562513085498168,0.07559710062379171,0.07632039305702831,0.07769431499783941,0.07913030223611134,0.083859177084179,0.08200388852034146
1994-07,0.052949479632627805,0.06530303166205019,0.0692497498678339,0.0723186380004473,0.07315720523781782,0.07407689768576076,0.07502926383770225,0.0782804411096456,0.0809834685795423,0.07960148008293311
1994-08,0.054245234309246604,0.0664572314959192,0.07010773314991889,0.07279892896659487,0.0731483521339169,0.07505592211498957,0.07669016880106028,0.07832980968365288,0.08048104420175928,0.07870808119608153
1994-09,0.058428546387998506,0.07108401463664447,0.07531528681332483,0.0779762583277534,0.07774830085344425,0.0779814641382452,0.07915034951111893,0.08249898355371754,0.08352196551428759,0.08224931741725527
1994-10,0.0603993366078741,0.07341055931498991,0.07713034180308731,0.0794926548830327,0.07943055341219546,0.0796199319228943,0.08091030483991635,0.08349054427315472,0.08457828878733942,0.08347898531416975
1994-11,0.0672015196731048,0.07807741496974381,0.0802628567680281,0.0791905406063137,0.0786615884074196,0.07767175729300013,0.07737633330821075,0.07954376140427744,0.08618285426099692,0.08301604938968576
1994-12,0.0710131202242788,0.0799463571616224,0.07945581957297776,0.07793773198241866,0.07662948758846483,0.0750762618644909,0.07733787254687352,0.0807900061263539,0.07822638287472516,0.07908886939623105
1995-01,0.0672894847043066,0.07529920183551281,0.07649104768224749,0.07699424465623472,0.07586859310275335,0.07476228936569246,0.07559819494192149,0.07852805152398623,0.07676574200611641,0.07838357320572653
1995-02,0.0633835160136744,0.06990994789476701,0.07110054076522518,0.072828404931985,0.07241121451754595,0.0738830197669722,0.07359496970153173,0.07544140052255849,0.07394306838887155,0.07670108626245542
1995-03,0.0636914738565828,0.0699254711020518,0.07135738844762521,0.07195250753232663,0.07294126613945101,0.07178516348599678,0.07436524386356069,0.07817693099959955,0.07230443344631965,0.07719002041501688
1995-04,0.0621856410379998,0.06748648256738339,0.06945827951107444,0.06979305288442195,0.07079344747856542,0.07029171643082921,0.07286122351685853,0.07674776824192647,0.07358234631269966,0.07680560860933716
1995-05,0.0575643255429933,0.05808070812629851,0.06071138386465107,0.06177640208472593,0.061952824892152175,0.06313324698008144,0.06660493033412529,0.07077637417704746,0.06888700001962189,0.0689190181429139
1995-06,0.056533050765953996,0.0585170715081474,0.059540912269563,0.06114052252873001,0.06051038369108014,0.06207255708772785,0.06684807572188878,0.06988663689307123,0.06693877217636007,0.06809746972254449
1995-07,0.056326610035061606,0.060019174375822396,0.06270380232652101,0.0639526721015414,0.06361107401903512,0.06570587551969781,0.0683936084454127,0.07237381484333039,0.07016475791817622,0.07076923292516824
1995-08,0.055988026440499696,0.05922347346088531,0.06113585419057331,0.0623456263964661,0.0622400128958866,0.0637483049627024,0.06607181735950374,0.07070236940059887,0.06931976939935203,0.06754789229012292
1995-09,0.056545580487038095,0.05910468363432889,0.0595891339117348,0.061589900337575415,0.061531070925355785,0.06243520795014185,0.06311081658893403,0.06820556247150711,0.06805242025259695,0.06634351001288696
1995-10,0.055049104421006405,0.05621889425457479,0.05807917648306858,0.059957645325798226,0.05891809344232152,0.06102629825514805,0.0623797144715752,0.06574594588246802,0.06529450370214562,0.06517153345100757
1995-11,0.05330185015514641,0.05310229829787039,0.05473556779702729,0.05669952025057631,0.056683406213108606,0.05855674798491539,0.06219254327315721,0.06386782581392397,0.062411290507694506,0.06050345803355495
1995-12,0.051342951513101996,0.05149051608627,0.053236323506895014,0.05571471514699178,0.05585852860891466,0.056673285782348315,0.05802170938494283,0.06175349765177057,0.06109729265142727,0.05915187574921155
1996-01,0.0490581720663332,0.04921060452424719,0.05207737800030568,0.05548806283098873,0.05651648195282666,0.05778801602189676,0.06224290765764312,0.06256042686674507,0.062499603282828664,0.06039769031823994
1996-02,0.0514431596551723,0.05562812345568429,0.05788767347541221,0.0599649673007068,0.06053945771826394,0.06131493124900428,0.07130031491931327,0.06918757358086691,0.06804873394523336,0.0672829920517396
1996-03,0.054146931265976,0.06017943849647499,0.061812168045374136,0.06379659278655125,0.06254661817664164,0.06407275190942902,0.0735385047422929,0.06843299718194967,0.0682473873377345,0.06821551119465286
1996-04,0.0557126717579664,0.06343439308493601,0.06522912957349597,0.06700885236867163,0.0663907631940045,0.06876678285095567,0.07210151153196726,0.07219816277928415,0.07101971708367893,0.0705005458943434
1996-05,0.056850281675025,0.06575934665242959,0.0681407574973214,0.06965296655832803,0.06812685896668602,0.0695831594705087,0.0740215531795278,0.07223631840376626,0.0702924793953319,0.07200314762102222
1996-06,0.056917238719450196,0.06392201181234139,0.0664160355667954,0.06663578452046304,0.06642076471483493,0.06849331626223487,0.0713513780454953,0.07267668744316802,0.06874242064928349,0.07084021091677029
1996-07,0.058071173160169104,0.0641479514827129,0.06715743270267208,0.06781145721063431,0.06767092252753559,0.06859163085832459,0.07171536206251677,0.07157171752480257,0.07019667718162392,0.06648503479368018
1996-08,0.0579122906982461,0.06675604079852429,0.068830971200293,0.07001813919582739,0.06933230954585667,0.07076274948382333,0.07406223577200494,0.07224428068001221,0.07164694603414279,0.06835521545718026
1996-09,0.0565641441337405,0.06363648732628771,0.06603983839351368,0.06705274592857488,0.06724859153723073,0.06799938477135664,0.07153393072192493,0.07133575835554218,0.0694462903777805,0.06649799971074721
1996-10,0.0542317926673907,0.0588297980936361,0.06173710740788711,0.0633306509181989,0.0630874732499197,0.06492853309557212,0.06916492499707111,0.06763026012291468,0.06599963439240342,0.0639170966246081
1996-11,0.053447522961037296,0.056726543373040096,0.058447458368024424,0.059591583033116985,0.060375891032192264,0.061828944563256716,0.06430182518593613,0.06474628031983531,0.06353509773126137,0.06288892206624641
1996-12,0.0552509243903967,0.06068389158539649,0.06327633639567562,0.06408671311683198,0.06389320479224919,0.06564096807424741,0.06781259355053293,0.06786981347477283,0.06657542730838639,0.06581717623764649
1997-01,0.055370986953045105,0.06121098400978469,0.06352418357786632,0.06480487820068909,0.0650804966916173,0.0668518642833485,0.06917293512671785,0.06820343490806557,0.06687878456543483,0.06823741783690063
1997-02,0.05638925360111639,0.0633083176851508,0.06492219011894303,0.0659853435156462,0.0660488436901196,0.06595484904846993,0.06901102489614452,0.06743720638353917,0.06753253428863593,0.07068578623243249
1997-03,0.059561502314579,0.06706607652851682,0.06888255848556599,0.06934298709473302,0.0696734119343112,0.07069391176034134,0.0726413736440894,0.0708323508661568,0.06927435074426302,0.07238026220600946
1997-04,0.058520035810059705,0.0649791350197701,0.0668611568197442,0.067503860691904,0.06751562591343252,0.06957165187354808,0.07007081361924056,0.06974214162142889,0.06743998630088621,0.0703960102863127
1997-05,0.0575681811868397,0.0643490844691087,0.06611686524157652,0.0672169937219107,0.06624422970762789,0.06789565312243512,0.0694193381744933,0.06922695211966257,0.06839030347828601,0.06975829772441045
1997-06,0.0567934027055177,0.0630211991824377,0.0646099660840663,0.06597821326295147,0.06509157082973183,0.06635011996529783,0.06782071149866459,0.06766347542893342,0.06700195934989028,0.06822540066975391
1997-07,0.0547589253882753,0.0580457193165065,0.0588222668334997,0.060138316736132874,0.060329530284502164,0.06190689067366606,0.06212860033788292,0.0638253533609105,0.06289774835464762,0.0620832840614034
1997-08,0.056432148795711796,0.061329975321316,0.06271184217108178,0.06443077775421605,0.06332318265620493,0.06531945294744507,0.06640476498710163,0.06619464130948122,0.06528381249716753,0.067027528267253
1997-09,0.055228447200928794,0.0592338301167968,0.05980728794026602,0.061998236879007185,0.06084550186966223,0.06350122505078232,0.06306409696605353,0.06335730680279678,0.06400596131869529,0.06482126273201205
1997-10,0.054584852765051706,0.056999404368167084,0.057192530296092614,0.05854525044760661,0.05845014587705849,0.06079671803142234,0.06073340649542858,0.060792951920021376,0.0613434754181027,0.062410183179523515
1997-11,0.056154702416318,0.0585002926925856,0.0578591050282576,0.0595777225037408,0.05861866225363549,0.0592729483846553,0.059782581666328716,0.0580868407991641,0.0598007563858719,0.061389540694029465
1997-12,0.0550903281654462,0.05667200413761259,0.05676642910769861,0.05744951827720701,0.05705046725113311,0.058140374286067664,0.05766433206091237,0.058228326042060796,0.05921371707011619,0.060174276727192444
1998-01,0.052796170427222205,0.0527329804250776,0.05301932764348358,0.055053764757155815,0.054318610309692816,0.05599256645882994,0.05833788147110486,0.05641695114664841,0.05819834960633247,0.05888681256995332
1998-02,0.0542577299950213,0.05534697255668509,0.05511143213487692,0.0573691200356547,0.05596912500201545,0.05542281868240917,0.059335683764754066,0.05770074812008652,0.05844677914647761,0.058521889730924204
1998-03,0.054349762793250406,0.0559841241269822,0.056164944181277404,0.05677577433589118,0.05685806322678583,0.05805617222707299,0.05800093223380548,0.05776790111856012,0.0590440325432961,0.05849707265538029
1998-04,0.0542578173772968,0.05624216774134679,0.05599176193074512,0.05726396655448887,0.05696873644437789,0.058244512339214294,0.0581862044585314,0.057798153617896475,0.05861447973324391,0.059063870939312535
1998-05,0.054345825090741096,0.055321729024905106,0.055661683881279414,0.0565438434040344,0.05559797863168653,0.05591859928303228,0.057129207761366874,0.057443222604631916,0.05781752338998869,0.05761763512958473
1998-06,0.0539633965929182,0.054819501642552795,0.055059046769826814,0.0552202235040698,0.053922307407839376,0.05479419595922502,0.055282174174084875,0.056263890181999954,0.05554510756568409,0.05592477211224306
1998-07,0.053760373981544006,0.05479137599281599,0.055355556595929015,0.05579976674536058,0.05493237842769344,0.05542538837042138,0.0551849213170566,0.05608141383507653,0.056690454103988486,0.057350620600333024
1998-08,0.0496251332016992,0.04685705037086081,0.04956983304871619,0.04948773796715619,0.04947050343181009,0.05384099483121932,0.04960109834699322,0.052152163625865,0.054341933600275394,0.05507855386603666
1998-09,0.0450816414229581,0.04177831189767509,0.043183676029282206,0.04303581235880061,0.044138990520162985,0.045314257971255045,0.04212170680191474,0.048957684294876014,0.05134689524093977,0.05396345897708843
1998-10,0.0436728606240818,0.0417788013493468,0.044376180437447704,0.04497382675603409,0.04586099200039462,0.05166480520594721,0.04386902740186849,0.052250078135744116,0.05650811174721965,0.05689904696314452
1998-11,0.0459595629121533,0.04457661251705731,0.046610017589930997,0.048410278562337206,0.04684804332667719,0.050777977587211864,0.04530473883864278,0.052808230644212584,0.05080349461135769,0.05218597869594316
1998-12,0.0458701515150371,0.04585937149020911,0.046858237129959,0.048101210788740384,0.046164238582628414,0.049317609992168554,0.0466688813723829,0.05222263169245778,0.05297402176893479,0.056474282902280015
1999-01,0.0458087444168957,0.04587515272212571,0.0461356578927757,0.04701173032645409,0.04659514608207585,0.04934913342193459,0.04705972854879176,0.05070252100245459,0.05090843879277718,0.05326782650023387
1999-02,0.049535073819620495,0.0531243984700539,0.05381728082295381,0.05464400097258898,0.05468789536628177,0.05567473620010244,0.05334652102957821,0.05629440313570999,0.05563773698229085,0.05825009012331861
1999-03,0.0479051720588845,0.05154192574411471,0.053064021409979595,0.05487863346465599,0.05481754065230923,0.05673546755782877,0.05581075376171324,0.05687425153120512,0.05580006057040621,0.0595079507746577
1999-04,0.048304341609585306,0.05274593572287669,0.05368075460853858,0.054380203797146615,0.055277894063452265,0.05538039155999375,0.05520856944283653,0.056563626454244675,0.057280321289427616,0.06168056188368898
1999-05,0.050622343828441,0.056949027175139,0.05835531029666821,0.059541673886173374,0.05953206811112391,0.0588784077701357,0.05824085518392447,0.05828861358681031,0.0575222088210417,0.05946831119785834
1999-06,0.0516830915538144,0.057463466388689,0.05801107120595651,0.059946437346989706,0.0621771918983724,0.05847526055474461,0.0593237469010649,0.06136065802273488,0.060715695546843806,0.0627549977601588
1999-07,0.052273726919781695,0.05939214381289571,0.0597690454884124,0.062275242887388615,0.06342890781110805,0.061751309455124526,0.06151711841377089,0.06162152129306453,0.060584610316657794,0.0635426635175198
1999-08,0.0540341861482991,0.05966054690940011,0.06031462877964326,0.06297088005638793,0.06518162983417958,0.06211296840007696,0.06236805951571367,0.06328836599941379,0.06106930497606977,0.06409287316883383
1999-09,0.0531068759221516,0.0585536620017202,0.058916540399344866,0.061345652768553305,0.064225184946884,0.06126794025914384,0.06295251760932791,0.06297205291956948,0.0617146900349661,0.06578370663626365
1999-10,0.05493244621798311,0.060273633075899495,0.06043118033492398,0.06328020857889821,0.06465683031894773,0.06003411287314164,0.06315339029917771,0.06344847482146093,0.0626252864182747,0.06624616204098355
1999-11,0.0575090079367412,0.06142953845898759,0.06147411796673194,0.06318265510300808,0.06654991622359868,0.06080688920143695,0.06410505121920768,0.06503811434448231,0.06506126293103842,0.06903881368254516
1999-12,0.0595748780776305,0.0637152944754823,0.0644628205859591,0.06569730380398847,0.06861488970502161,0.06372761050360048,0.0667301711536688,0.06658664490679994,0.06681900926990747,0.07009227139340635
2000-01,0.0623273888900109,0.0683448636066169,0.06692550705386091,0.06657318855065367,0.06943364551472309,0.06502536768264455,0.06594539201844951,0.06517958217765973,0.06500707768117497,0.06606661061332175
2000-02,0.0622934272939466,0.0668494427652978,0.06639930624278767,0.06627073250892951,0.06806493606990643,0.0642587569269486,0.06461554849201567,0.06265879913543249,0.06191869682426532,0.06212294659426887
2000-03,0.0626827289219134,0.06522437747487059,0.06253880571678111,0.06112224639535491,0.06148867312899298,0.05921803008736959,0.0589778362483625,0.05846903901605971,0.05860208475506867,0.05943845794337155
2000-04,0.0641380329026589,0.0674962096493367,0.06390989130995012,0.06423424026920907,0.06318861931388475,0.06144519320242309,0.061106486973932894,0.05883300757015253,0.05856724400814284,0.059674073293699115
2000-05,0.0656064420689177,0.06682783855183609,0.06408926815495342,0.0641508996654448,0.0628323941085045,0.0610171602969653,0.060420189478453956,0.059973571908923384,0.060145900086186144,0.06173856912967368
2000-06,0.063455873901005,0.06304711604125458,0.061234983693041894,0.06069153756585452,0.05960383894832397,0.06166222170882241,0.05951878816190914,0.05866231115343329,0.058671041472113716,0.06079548102362642
2000-07,0.0634623528432705,0.0616042943908089,0.06174881483483641,0.06032792572257137,0.05877918057696532,0.05945028328706331,0.058835546131345284,0.05862499739381566,0.05838256402431935,0.05980557947874998
2000-08,0.0625455047810136,0.059459826011136405,0.058566883183957086,0.05816974974556291,0.05697523750463601,0.05802367743846221,0.056833302103211025,0.05680279389305515,0.05682325860923981,0.05852299555396279
2000-09,0.061765210257528895,0.056875688317845695,0.05723210348288031,0.0571585501284691,0.056920203255319435,0.059629466041184964,0.059735578235764475,0.059478141370267135,0.05999567057120103,0.06246000602121993
2000-10,0.0619475270369934,0.055834032649910006,0.05660367492002172,0.05671727124536327,0.05557054666339509,0.058776441521566525,0.057998584328174396,0.058097976020585196,0.05895791862034638,0.06093886071618604
2000-11,0.059736751504398,0.052353233450508393,0.053602879873980505,0.05359429541247071,0.05273176991069842,0.05452305509494981,0.0537133243943545,0.05553619209318611,0.05734354843101541,0.05947562960515812
2000-12,0.0545331573619825,0.0480625500198877,0.05012130683187459,0.04978690324017962,0.04889285840684557,0.05336309243330123,0.05354246597698198,0.05409145982082603,0.0554121349306374,0.05859912295618741
2001-01,0.046831267540711596,0.0458619837430424,0.0491252621115531,0.0509057814419141,0.050205371408778315,0.0537049712320867,0.054393008975691826,0.05531955493790114,0.05725552206130102,0.059738089839431796
2001-02,0.0452280584985734,0.04371603270199379,0.04818250508832399,0.049377206830599596,0.04863320085207773,0.05235736767276489,0.05327404584686135,0.054585423765984464,0.05604022285112942,0.05814753065192935
2001-03,0.0416770176455154,0.04337979663844979,0.04754653143472112,0.049381844706809286,0.049048592867306395,0.053693391441090976,0.054356419863430094,0.05609992282681614,0.05849621642930358,0.06109922968573628
2001-04,0.0404993332129177,0.04616095106441811,0.052736381117332184,0.0537729132043028,0.05393553771204171,0.05846627389981912,0.059238253382562,0.060925528916451976,0.06293919226775208,0.06456879477168137
2001-05,0.0379254819067716,0.04704138560959821,0.05349261624468518,0.055658285234260224,0.055791812345184266,0.058316163598489484,0.058897271667882056,0.060922618070301804,0.06311789552148367,0.06495741543969752
2001-06,0.038814421340119004,0.047142348131431006,0.05393797095216518,0.05603346210622881,0.05653179127837901,0.05785729796995681,0.05945958296773529,0.061332910937447305,0.06290036609924438,0.06495339537793221
2001-07,0.0349905469028444,0.04173622259103801,0.050023913033860695,0.05150377751438809,0.05324689581753578,0.055212804106711255,0.05599198262489857,0.05789396656685997,0.06009430601943566,0.06221995434421351
2001-08,0.0334718965997278,0.03964780132011359,0.048546071395658905,0.050039544495533717,0.051858238131372,0.05339995136934539,0.05460494211952621,0.05650905448053756,0.05865518881894133,0.060208851544852504
2001-09,0.0253325330933301,0.03225461715244529,0.044512088364843015,0.04782059098648199,0.05096940220430812,0.05330808575161325,0.05478799776593052,0.05750123839561733,0.06054614909787659,0.06326071030168179
2001-10,0.019907586422328,0.028367699980667,0.04018505499711311,0.04541107567500868,0.04878200600672172,0.04933322385004546,0.05093801662953357,0.05418763289850964,0.057605011306007425,0.0593206693694584
2001-11,0.0209706252822928,0.0360666970880174,0.047798350007546994,0.051443793112968414,0.05391924495705139,0.0552973316932914,0.056958023152578696,0.05931019389095932,0.06241590687768084,0.06573253589480882
2001-12,0.0209339483093473,0.039821482334929305,0.053473783242697,0.054467152639553984,0.05697721428521041,0.05753096267301422,0.0597215348196497,0.062296848065505284,0.06459669390717399,0.06655880269408182
2002-01,0.0227891531545401,0.0395170530355871,0.05198306475264971,0.054633683954651485,0.0573953415301211,0.056734881634721096,0.05818198523752943,0.06027429345472396,0.06230389343918602,0.06488381493954903
2002-02,0.0219999881267651,0.038346831384876504,0.048742309555159694,0.05279941735181873,0.05588849292369094,0.05604103536553562,0.05793095954609423,0.05960904781734716,0.0612131653262869,0.06424737962902011
2002-03,0.0272917344428448,0.046475645520359404,0.0559955830295511,0.0585190926322999,0.060837466905406784,0.060400219138198985,0.061990564699683504,0.06352252508832512,0.06481697395732655,0.06741205344905876
2002-04,0.0227283672349905,0.0415787584132699,0.0515100741054494,0.05532491578030499,0.05709474989414723,0.057475067346023145,0.05920212141115744,0.06078371244188058,0.06235613133252016,0.06493198440349862
2002-05,0.0229847401464707,0.04061408759366569,0.048045739780969404,0.0529179152740786,0.05596499570725208,0.05699808840266052,0.05935954044315961,0.06134571585836662,0.06335299948441175,0.06648091323794508
2002-06,0.020262070000174003,0.0369564132784746,0.045698428859728094,0.05059649639738409,0.05308526497874322,0.05550998261107659,0.058346915822454715,0.060156461669931105,0.062419048715310954,0.06589864638573661
2002-07,0.0171131990469529,0.0272482156015153,0.0400435257749638,0.04571843257136482,0.05010750991312518,0.05331037682820919,0.05706952767647325,0.05940482985019557,0.06201552350059725,0.06558192228898568
2002-08,0.0172822937766707,0.0251795241230109,0.0333133729375354,0.0428275369768666,0.04646238832606189,0.050317821000687296,0.053087953469625415,0.054557849446489004,0.0561377570618008,0.060570446424426994
2002-09,0.014522742875579999,0.0194816006872968,0.026991291265319996,0.0344966151207704,0.03905110962940679,0.045448643237213204,0.0499626820569303,0.05136512067045931,0.053398944492893397,0.058919768509778814
2002-10,0.0137403279987101,0.0201683326795813,0.0296389108119237,0.0378123636978633,0.04257340528069112,0.04929363077399429,0.05391845695421402,0.055709910253234185,0.058011033782320476,0.06328618863356655
2002-11,0.0152388447652184,0.0264123325509884,0.03643559265611509,0.04376947466909731,0.04653278200952532,0.0516492899924213,0.05523298749853611,0.05640654186419086,0.058174810904994545,0.06253303028998564
2002-12,0.012420396261256399,0.0194392689474348,0.029576325096045998,0.037636658949520806,0.04205038257279299,0.04750327633403639,0.05162272295599432,0.05425203224773026,0.057175603743349845,0.061650623160712126
2003-01,0.0130201613509583,0.0209527907869259,0.032356338409066994,0.041238744163385216,0.04465519568244908,0.049210712047180916,0.052230792431393974,0.05408330245142523,0.056696901117242404,0.060944452627990975
2003-02,0.0123967658039844,0.0177477015524392,0.027754986877720704,0.037017890186810495,0.04155125353133919,0.046275260958620834,0.04950196990344466,0.051348196184885314,0.0537125839045271,0.05811159676929106
2003-03,0.0116897344327204,0.018111468991611798,0.0294886814035734,0.03854267873714679,0.04315090397458461,0.048150839760913194,0.05151817293648653,0.05324786057302888,0.055618244128032956,0.05987471227829144
2003-04,0.011701292097816401,0.0178917331730254,0.030019179881694707,0.0390823287935523,0.044247693777856686,0.048364338958214514,0.05120816795024938,0.052978188762908246,0.055263954363640344,0.05898489333261003
2003-05,0.011704562526112301,0.014572077945565701,0.02253907371689669,0.030975138508878106,0.0375011440246492,0.043049028398134015,0.04689907921305189,0.04848314990865607,0.05019051145690567,0.05395910186388431
2003-06,0.0104492485954171,0.015209009033080102,0.024949522676370295,0.0338600272008249,0.039810228502569114,0.0445559470276049,0.048622296186550784,0.05025692430357001,0.05207090170981976,0.055788297785156094
2003-07,0.0124497502889374,0.0222650889121048,0.03480940815159401,0.04581914013190458,0.05139854336732072,0.055901538837057674,0.059232696056042755,0.060367899916414114,0.06147493499281537,0.06572700676843657
2003-08,0.0135375094016856,0.025481773875894002,0.0380753376696972,0.04624787135479799,0.051678073479498196,0.054801530279070976,0.057388120539369036,0.05846994312244458,0.05910633554392508,0.06431036522568634
2003-09,0.0108885463260137,0.0180615758736965,0.030529246311112097,0.0384275705641769,0.04495548093954682,0.049433139787870395,0.05280710307152167,0.05459375865846269,0.05616540425706412,0.06152449121158615
2003-10,0.0129529860137753,0.0236021604807889,0.03555566143700461,0.042822501897157195,0.04923892131868053,0.05236456268687545,0.05577150960383298,0.056938015986089,0.05832578736296001,0.06409918965735506
2003-11,0.0145679564589359,0.026016557341981505,0.03675627781973319,0.04308794053133781,0.04887559010511311,0.051202815338133284,0.055734993390732485,0.056623134057073476,0.05869043090259074,0.06323117274176254
2003-12,0.0125757764624292,0.023630941629811202,0.035157018402375305,0.04258642234129069,0.04850185972755708,0.05079681414641635,0.055507937869842094,0.056518070890354044,0.057877376070899156,0.06303746161358681
2004-01,0.0126131221951242,0.023305826560222002,0.03461966193499041,0.04116723316449859,0.04724351571578281,0.0500091389003062,0.05354384834354861,0.05441899578967918,0.05582021673917309,0.06170412161078287
2004-02,0.0117481425307323,0.0208200448058697,0.03185899953549539,0.03894139298882822,0.045231694822707905,0.0479166252641631,0.05168267928674666,0.05302270506404311,0.05477706048973563,0.06150048028495597
2004-03,0.011466165287336,0.019692190328199397,0.029049238501812902,0.037259695116285296,0.0437234664823484,0.0470875860040858,0.0504277299999992,0.052131563209788984,0.05439051321911281,0.06030359603301222
2004-04,0.0161332634202359,0.030518236354206498,0.0398197922530136,0.04616817722629961,0.05103332202038688,0.05344264133339732,0.05555695498115948,0.05649147266466792,0.0586295152356307,0.06583055357174711
2004-05,0.0183580413694039,0.032662939778186906,0.0423393872948229,0.047610444992107495,0.051992288256343305,0.05420022513640549,0.056276763492670745,0.05771307505689127,0.06056193435503693,0.06668525078178711
2004-06,0.0202428489387805,0.033451659183882106,0.04116159228239559,0.04543635284937021,0.050036677072114566,0.05331054597691626,0.05500536392778688,0.056442774727741896,0.05978689348093852,0.06576156102339747
2004-07,0.020676040038850298,0.0327181941860707,0.03979338829130051,0.044451903771462103,0.04859520018634639,0.05205944200964699,0.053620581318455846,0.054782021191925545,0.05765592001026448,0.06425874633372214
2004-08,0.0193448721433267,0.0280736350468619,0.03441643401182551,0.04057787821373829,0.04498187236860861,0.048589976700487814,0.05007128913256409,0.05110541584408229,0.05392225801849854,0.06163344710050328
2004-09,0.0217939128698985,0.0300000657260045,0.034624283205100304,0.03986473674295031,0.043690791891438874,0.04790490871478392,0.04920864860106158,0.05014611737176278,0.05366556333527106,0.060652113936853214
2004-10,0.0221592065258632,0.028487010742494198,0.03352460534489579,0.03861645351026921,0.043055969745853115,0.04637068780369105,0.04823241977252779,0.04935602925529603,0.052865906521373074,0.05928789510674948
2004-11,0.0262375730612136,0.03347475201676921,0.03782978032392658,0.042173977522492606,0.046345206167429015,0.04867975085210341,0.050532507307748775,0.051757551050776784,0.055165390969666106,0.060169071877403946
2004-12,0.0273563259945809,0.0334858987885555,0.036429569446408815,0.040561488907224,0.04386448386883526,0.04664326374159211,0.04807956438328953,0.04964873548860749,0.05372402213287769,0.05779390804802376
2005-01,0.0293431189078113,0.0355117135415077,0.037413111866429594,0.039799684352619796,0.042771560416825616,0.04409379300360178,0.04561147147738773,0.04686405002592048,0.049921670615637403,0.05316358219613365
2005-02,0.0322109009130601,0.03906501731225691,0.041000886671513984,0.043184037656269006,0.04536311450591002,0.045778138749095976,0.04690809443501209,0.04861672808343154,0.051348316477917655,0.05349834156915567
2005-03,0.0339718401726879,0.04101317667601669,0.042447912267234406,0.044504843599379784,0.04603688322769675,0.046429249099180475,0.04707754927371438,0.04912182010639682,0.052486979054674865,0.05474981058222689
2005-04,0.0335026108609838,0.0386309533583382,0.0392241669017038,0.040518993201384204,0.042069354359492495,0.04278916055313814,0.04302102312696304,0.04607750069428512,0.050579114239688805,0.05272567836489339
2005-05,0.0334404743751108,0.03718596247336439,0.03717977474164531,0.038573005497109084,0.0395438190694129,0.0388401291859341,0.03885262017912253,0.04451075971872648,0.04928127813987809,0.051155718760051316
2005-06,0.0347076456392957,0.037057470275862696,0.036720944714643905,0.0375977917841885,0.038776312985987216,0.03855916687722419,0.039481630866729484,0.042595739089477946,0.045626713724864654,0.04749484520267472
2005-07,0.0383304984599203,0.0409434400743679,0.04140748468044131,0.04264629365411647,0.04224859213907656,0.04146948386969168,0.04256916701049704,0.04549990413268712,0.04791849255691094,0.050184035100891644
2005-08,0.0372807292846638,0.0381689281385432,0.038274331429927005,0.0385656670529724,0.03932124887166061,0.039967758574872586,0.04111235338631308,0.04347599812003533,0.04531403557337366,0.04710878630351728
2005-09,0.0404977169237975,0.04177915296255691,0.041871596286054386,0.04226919044216121,0.04278421049693648,0.04319717781010532,0.043712861624530586,0.04542236927719523,0.04751838948532833,0.04984327541243305
2005-10,0.0429687506852662,0.04375621555127499,0.04460315137485041,0.0449657235020576,0.04508305395533632,0.04544034043049269,0.046010882560428734,0.04795399343028506,0.0495601485087494,0.05151833884775858
2005-11,0.0435722348408169,0.04338487348962931,0.04348529540956561,0.04422993064276021,0.0440836197978095,0.04535566239846789,0.046196537902570334,0.047351816969257055,0.04888856093275712,0.05210051414722405
2005-12,0.043635616958571904,0.043233223967465095,0.0429296085499119,0.04289957731795871,0.042445739333141386,0.04347079173218421,0.04388574282660668,0.045179906603356135,0.0471045266685432,0.04868149553027884
2006-01,0.0452549300767956,0.043932331809569396,0.04395669709949518,0.04469581495606342,0.04424563098862941,0.04515961011998176,0.04561500849886024,0.046192308046255404,0.04610650279391165,0.04869611052850292
2006-02,0.046655056873180695,0.045679305372278906,0.04552627045415539,0.045581751204033794,0.04446544731672972,0.04525723901020229,0.045624908585015556,0.04611919863069003,0.04526851416452021,0.04720272015486443
2006-03,0.0479938157130212,0.04732141840567119,0.04741724674555772,0.048015352091481084,0.04764063810480179,0.048655019449697606,0.049306231629988595,0.0497190229947832,0.0501132044074627,0.05243551949503994
2006-04,0.048584703285542596,0.047486641181485004,0.04825164943562489,0.049168695349564695,0.049511255166921814,0.050848886967459817,0.0519261580544651,0.05271883517460246,0.053872603260258,0.05650922900908262
2006-05,0.0502319623418305,0.049101119422872694,0.04935764431774391,0.04964640201260728,0.0502092638499651,0.05134660633416155,0.05277781574217272,0.052806607510928694,0.05333521042191086,0.057247495717155705
2006-06,0.051889653265393895,0.04982461380576671,0.04977089359511619,0.04965486219672921,0.05001176592507653,0.051059792207475474,0.05172796057598872,0.05207078897732531,0.05275468908761338,0.05584206996167551
2006-07,0.0503257133242869,0.04758184028339871,0.04766124293122928,0.04773306940708591,0.048413380640834724,0.048997857798332656,0.0503722484884489,0.05089505388695814,0.051610245116424314,0.05435719457972149
2006-08,0.0492584859670582,0.0449424948192942,0.0450504821854283,0.04572541119070572,0.046443699231478064,0.046929781770254086,0.0481294514414915,0.04810879942438995,0.04825059580386298,0.05133870974180593
2006-09,0.048496800632174104,0.04399968719483669,0.0439006667093529,0.0444303902313479,0.04541210668196541,0.04534358696561419,0.04700739535429532,0.04698162861611671,0.04778550967506534,0.05027286491091537
2006-10,0.0484853570418508,0.04394683571273101,0.0437623025572412,0.04401205442230141,0.044656722165736074,0.045225115959345086,0.04667163738368779,0.046564560199741034,0.046634563453686884,0.0497694798661657
2006-11,0.0479589679802023,0.04274113249673271,0.042309310420383286,0.042436109313315706,0.04303982820964353,0.043310505568138674,0.0453003409576187,0.04525481121561947,0.04556564775298194,0.0486126630380887
2006-12,0.049296765846334994,0.0455148274513686,0.044849198321357794,0.04527072038682861,0.04598650838306648,0.04613121177292895,0.048052252384107264,0.047454852592201724,0.04780415133608862,0.05084945446552397
2007-01,0.0497374246944062,0.04720686485715139,0.04600002358136601,0.046557999340464395,0.04692796134593,0.04688957225353382,0.0486401670123886,0.048404142037072384,0.04834062481765944,0.05165282692159878
2007-02,0.0482940483508263,0.0434749722670617,0.04318900562466568,0.043500553838779904,0.04452320556995695,0.044416456671152654,0.047153880161564576,0.04725786676912186,0.046884290180232546,0.049604790471186766
2007-03,0.048297147739680205,0.04291386241263759,0.04315105586216521,0.04452075235214262,0.044874405027156866,0.04572415178472353,0.04872565341549118,0.04937184850552284,0.048416217814622464,0.05195872408195551
2007-04,0.0484226912776899,0.042562306860304294,0.042597975673832625,0.04400886480317079,0.044800347985405886,0.04537074390813245,0.04833788890874702,0.04907546269266744,0.047960239048990605,0.051488452426834974
2007-05,0.049602779569292696,0.04750591199115871,0.046690886167284895,0.04763097137477612,0.04753712511440658,0.04759029979031615,0.050534249902857487,0.04999328906559619,0.049793034975948,0.05350448287135717
2007-06,0.049130799025712,0.047320576273864996,0.04802245832191941,0.04919747315426762,0.048746258776691975,0.048918682785493856,0.053113497262963605,0.05390807754340338,0.05246302474344838,0.05541515600064084
2007-07,0.0471130682403491,0.0426462661276245,0.043691361527759806,0.045941128124943,0.046266166858539126,0.047942493976439265,0.051544294829563686,0.0512620231456391,0.05052325074885711,0.053189860025540325
2007-08,0.042978892115483405,0.0402135589087282,0.04085630669237031,0.043678660772019706,0.043511990790780386,0.04519769842845639,0.049939689652985286,0.05293568101551793,0.050526324711532844,0.05417570649841852
2007-09,0.0403028171294122,0.03881838559137219,0.0411437284094263,0.0443801836542613,0.04551644523219653,0.046601937384413095,0.051508118196394004,0.05266944574120197,0.05231715494335576,0.05595196027307364
2007-10,0.0401883026326467,0.037919112304660295,0.03965061251017189,0.04372512226900711,0.044266886638232,0.0455801393823112,0.04994995203493263,0.05040926300631421,0.05089718850650099,0.055552042595419904
2007-11,0.0316024306960433,0.0283268311812823,0.03100449387608699,0.03919767630066781,0.03983371748800313,0.04223813198698628,0.051083311666638764,0.05030421108052424,0.048086587556216975,0.05353375204875127
2007-12,0.0321200803537311,0.028197119071885296,0.031221546663350593,0.03999619020420943,0.040310181709307086,0.04325580732921172,0.05101952958777989,0.0533022665797393,0.05022400800014448,0.055671624838365075
2008-01,0.0206871975039755,0.020815917043150504,0.025098887819570495,0.03488889125043071,0.03783556689845277,0.04158125055768502,0.05179824789479098,0.05142906248628479,0.04900553633652932,0.05655834522691189
2008-02,0.016360485356755203,0.0160072657967876,0.023116615102416693,0.032843854006914516,0.037767365670378,0.041772315741198385,0.05419126160383411,0.05368824098516589,0.05277151156763871,0.05712026067589887
2008-03,0.014569960215674001,0.0162962127116048,0.021935864371024093,0.0346628943778063,0.034230061318461805,0.03509036319826321,0.050312237723500575,0.05520589078836283,0.0594707976559945,0.06551174119658687
2008-04,0.0189681773311765,0.025286058135990705,0.029461196998404986,0.038691555393107396,0.03866695002130441,0.04004793743992921,0.049105146210532385,0.05200031448631123,0.05616102045641336,0.058645729123196766
2008-05,0.0222730536851755,0.030254217001313102,0.0359646779128385,0.04140803799976209,0.041822873499817836,0.04382181836591778,0.05203542440021239,0.05385072820164999,0.05736939514913553,0.05912073696672232
2008-06,0.0230740933179495,0.028167992205837097,0.0359740998621653,0.0395489868529285,0.03901385180656561,0.041327593120750405,0.0522454179296202,0.05385353036281937,0.05828923023278587,0.05951343575273216
2008-07,0.0218972083401641,0.026891598886610704,0.0353003969630632,0.03736871725517758,0.0399407586373844,0.0420825049967104,0.05069820373303768,0.0556252578738351,0.059712144145261215,0.06090084310824456
2008-08,0.0215006724761762,0.024382792614624803,0.03280446706052478,0.03644731416634661,0.03903697865656709,0.04025572963767954,0.04835613521938778,0.054689547125387566,0.054943338204444636,0.057074955075333944
2008-09,0.0180757136513144,0.019308199309910803,0.031106400596214306,0.03874930619503009,0.04024153537215039,0.03915181394062922,0.059299314754911514,0.06124980727479609,0.05759680845311094,0.06097203916728722
2008-10,0.0136815193164916,0.014114307818874999,0.026107547400180998,0.033996895857094006,0.051377134267005395,0.04856115866451338,0.0690187260490584,0.07255115920482919,0.07895764787494036,0.08325395744169467
2008-11,0.00778460738810025,0.008904784760111091,0.018166018381545464,0.016525443719277992,0.04024316126277319,0.043047997715765396,0.07053224295032659,0.049097721214978435,0.05353999261217751,0.0672896470220351
2008-12,0.00358375017912496,0.008296376879388941,0.0186696430324396,0.013846036458339303,0.0257013251942467,0.0421655135112665,0.03941933092713859,0.03900236818540981,0.035542789981701406,0.06535152861986818
2009-01,0.00535861457438897,0.011457830260130171,0.02357773793631906,0.020312467624516196,0.0290025968914761,0.04863892891775612,0.058707039228143576,0.0516688743455202,0.03809979622960963,0.07508690018434494
2009-02,0.00695906525739142,0.01164793150547052,0.022828259179810163,0.024993936021001494,0.0316201681578684,0.05120660097974877,0.056494552431516826,0.04984222996207721,0.03743405963430779,0.07192429307633236
2009-03,0.005590871497882371,0.00960916758660519,0.018825034024871144,0.02020769299826089,0.027154738990717908,0.040994402616590694,0.04411199105999651,0.0455053506316801,0.03940981094486862,0.06255319730636255
2009-04,0.00493219564407835,0.01351610067305669,0.022764227546391364,0.026975924729132794,0.0343062499728298,0.04351477146735279,0.05091929971489273,0.05282387813618869,0.047181901975523965,0.0720272916188428
2009-05,0.00495973908124701,0.01330355430621695,0.023217631984907134,0.033389161750169705,0.044685146734186706,0.04805014713820449,0.053508448243052203,0.053976985305433406,0.05095147683496015,0.07190389960009719
2009-06,0.0052207202555445194,0.01673926255108188,0.026574483569454403,0.037871340590182795,0.04427971548157239,0.050084691495418415,0.05097620950916221,0.05403952405475862,0.04505926018026585,0.06595065397019695
2009-07,0.00526320866942589,0.01691097850106371,0.025588144773846196,0.036091587932113006,0.04472082252335069,0.050064913234595915,0.047313184143093184,0.053397635677364996,0.04762514024027953,0.06550584749424593
2009-08,0.00419757639606065,0.01520081771927747,0.02461162192658948,0.0341782033584668,0.04402503171944909,0.05017666599666851,0.047693569166197713,0.05400613297251508,0.047833073378855784,0.06190796942071042
2009-09,0.00399344151377268,0.014566960844767718,0.0237257927449895,0.03319108260993211,0.04324604809655801,0.04840270649234296,0.04571815661669454,0.05049132159796807,0.04686156919468171,0.05423960103516967
2009-10,0.00379159826769895,0.013802368964795052,0.024104195907646595,0.0340269567838078,0.042362132378618605,0.047965769556711585,0.04928100576608352,0.05085275413472831,0.04922677476037546,0.055133407482327146
2009-11,0.00287638180128661,0.01029032901163733,0.01936382937157686,0.030365763566583603,0.03914662454546511,0.044867126848992106,0.048136449261332065,0.051434401697203924,0.05189953817694501,0.056192601162652345
2009-12,0.00553211752935287,0.01732721774942493,0.026917307557293997,0.0381219934370046,0.047626290789241604,0.05162125217055799,0.05400135958964791,0.05473508541337371,0.05632154821286228,0.06042089991789101
2010-01,0.00308745434600544,0.01304776336584906,0.023877091132471502,0.033877578476968394,0.0441648877563096,0.050202607738718194,0.05304191532235464,0.05356853329723438,0.05572207420532649,0.05954038206323431
2010-02,0.0033477173022467698,0.01262892408648551,0.02382574052165932,0.03384343703125801,0.04330520694306039,0.05035162993987459,0.05364294031574743,0.053799960624159954,0.05757399499120963,0.05979706678361241
2010-03,0.00436101042872563,0.015447792302881451,0.027241723556248126,0.0376047891846564,0.045023064636709895,0.0513671196242369,0.05445400324008551,0.054308219364652105,0.06019248111150932,0.06251355605038861
2010-04,0.00449963067335076,0.014250116523758358,0.025770999398411987,0.035197742641169705,0.04355176354081519,0.048506120296606586,0.051436746290658614,0.052582072864038404,0.05711987702563637,0.061569359366417
2010-05,0.00423086147959925,0.01073557643802019,0.02259066195394986,0.033214138966908696,0.03776036690526849,0.04575654590411113,0.04430203759542181,0.048562601177945364,0.05771874163353696,0.05927830788868621
2010-06,0.0035188699397405497,0.00807654456316971,0.01714650504082913,0.028866397212910608,0.0341907820342115,0.04082771412754431,0.040114194479779985,0.0415184014451806,0.054759453585827705,0.05583880279264791
2010-07,0.0032290488805445,0.007235552489129221,0.01347284087469706,0.024487257491406022,0.03400013487273769,0.041958616198163906,0.040719854283116697,0.04041025013833771,0.058287093400937406,0.05668571480764678
2010-08,0.0028541459887023502,0.006226547765170511,0.011547422682880889,0.02026462483296425,0.027178893143232997,0.0345740919161424,0.03500236553428242,0.03520026238374099,0.0507693754349785,0.047326218845767654
2010-09,0.00267801778323712,0.00538344591350946,0.01108505276614862,0.019330109655103515,0.02677080102083778,0.03473894624708232,0.03820553738211119,0.041798695699172383,0.05006567891551769,0.04860216669352088
2010-10,0.00241063796332576,0.0038598846604269202,0.00871520418607386,0.018648013349795736,0.026695183966671233,0.03595703996345469,0.04221998712490031,0.04500929003416909,0.05206732252573559,0.053690946617433816
2010-11,0.0029542276346669,0.005963102082564799,0.01240037585278355,0.022612160176641152,0.030559414620367098,0.037416176796798706,0.04180349447808222,0.042611137027913165,0.05060544785786081,0.05474397439971562
2010-12,0.00322812954057074,0.00842092588892544,0.018607968280707817,0.0318702238990132,0.040018150878806794,0.045169171927610205,0.045135023793501705,0.04570137283083289,0.056113684316422774,0.059629395983047395
2011-01,0.00285944734799467,0.008176862509540809,0.017628925731859327,0.029407795582066798,0.040148935114115394,0.04766787165717762,0.04792931208604406,0.049495841728346895,0.05680744261767465,0.06102936242198875
2011-02,0.00290273479548697,0.010287189411793029,0.0213484879539466,0.03212664795825739,0.041499713688419995,0.04640371138434882,0.04702233255398819,0.048987417464407046,0.055658285152155484,0.057042008254638454
2011-03,0.00343750930089311,0.01290279412308833,0.022832102458887255,0.0339139566376389,0.041674079205758885,0.04639301089863912,0.046855236594914695,0.04864745541293408,0.053980461027273,0.05725983698282361
2011-04,0.00250329955973426,0.009154164667482222,0.01902773684946972,0.029883715421491396,0.0393347140413209,0.045088276463805504,0.04670335205128201,0.0496943140249724,0.05594867075153079,0.058531461500897775
2011-05,0.00212065423113206,0.00688454199637338,0.015182129404396212,0.025398086982021145,0.0360245196892352,0.04103371371975639,0.04345345892312941,0.047909371286211394,0.05459202729401122,0.0556918970800116
2011-06,0.00217441685168348,0.007213973009032739,0.015681779171795564,0.027655855528456223,0.035931423426217496,0.04381630156840932,0.0441591828962741,0.049373120615459065,0.05818079427207071,0.058909595644093316
2011-07,0.00271417351726394,0.00438324880957516,0.009851830939591948,0.020273224254654026,0.03104968060195342,0.0379405458394331,0.0421562395718133,0.047399586324659904,0.05469420489587737,0.05554832517676084
2011-08,0.00118614251890759,0.0029853220058863508,0.006303013860662449,0.015329877808427731,0.023426378959419878,0.02923329071092521,0.031896001792539194,0.03874153843242918,0.0459859729556924,0.04737370411814301
2011-09,0.0017894451338883199,0.00404283532357856,0.007389589962693109,0.014174461920685893,0.021252782633749162,0.024725925225333144,0.028324790732158614,0.031124305890825196,0.03517470013876922,0.03790965632254378
2011-10,0.00151340871615833,0.0034809371017813103,0.007484050084647529,0.01403239784423259,0.023011358365112488,0.028447614722139157,0.033044120175504496,0.035355012545100095,0.04039328546467502,0.04289717224791598
2011-11,0.0014165434667705102,0.004041125707820889,0.007512974743166689,0.013880953563741388,0.022058754532586974,0.027064618403393546,0.0318045481372532,0.035023458607668395,0.0383393933201199,0.03894402315739251
2011-12,0.00152564594676941,0.00376364414674785,0.006906513173299451,0.012425011419309328,0.01921940520749456,0.023685742550492807,0.0276362559685151,0.0319656158767459,0.035216233542615605,0.03751703816573998
2012-01,0.0013931607598391099,0.00297133207876925,0.00490601751792247,0.00961322317294225,0.017418763735994217,0.0233474387109305,0.02656775478269091,0.03099443894107369,0.03641455385725581,0.03766555263767982
2012-02,0.00198653859924032,0.00423847623233604,0.007405550148615548,0.012006019944867049,0.0187233182826635,0.023866871892234742,0.029282702137890998,0.032969964363879806,0.03706293136177499,0.038162731599542976
2012-03,0.00234681807910932,0.004956996284870381,0.0093105116972192,0.015422050832686739,0.02184248403340637,0.027677094270750796,0.0326309420197919,0.03836816726559408,0.03950836821642981,0.04076270948572941
2012-04,0.0020741318566933,0.0035296692067595206,0.006786948359424371,0.01215882757735541,0.017462296383622657,0.022525941049849743,0.0283337101039218,0.0355852668542148,0.036763092826935934,0.038252833945170456
2012-05,0.00208324355275606,0.0036035484726893796,0.005796740535834251,0.00992033892690691,0.012985981460310651,0.015926874406490973,0.01968717099651568,0.028851246858716886,0.031686135139845334,0.032554318430489865
2012-06,0.00250170716154019,0.00414822715212239,0.006579797494182421,0.010562475419161919,0.014351918532851334,0.01793916915077587,0.021517493984852372,0.02979403949555509,0.0321789128896392,0.033264490986950196
2012-07,0.0018161621890892701,0.0026058309824957505,0.004518735474121008,0.00862559663678665,0.013072216014112317,0.01687586172825639,0.02050549280865642,0.0260990788020454,0.030158095978894392,0.030983084057139385
2012-08,0.0019739153268802,0.0027666279505906602,0.004737265367192439,0.00803334987291146,0.013379979201040195,0.017434399635680508,0.02238659502509304,0.027963309692371485,0.030806407613137216,0.03230023575378879
2012-09,0.00195917830880805,0.00305882686518311,0.00500503165650304,0.008800763698577158,0.013076062809376988,0.0182943675417366,0.02363444121500985,0.0296780876768028,0.0328042048748345,0.03479895721996493
2012-10,0.00213262571380266,0.0038400444255497594,0.006105169329209261,0.01021568004311872,0.014751062780032301,0.01931646618631659,0.024331089991025415,0.029345458651401285,0.0326798520219615,0.03477009794462152
2012-11,0.0020768498261374297,0.0033625761133274108,0.00514406681941919,0.008340412201667412,0.012976054147049554,0.018453646193748584,0.023239207500646314,0.028607098649475304,0.03175623697232491,0.03363485459374288
2012-12,0.00189305317930486,0.00344448367356606,0.00615506923709957,0.010462307903437789,0.014897731084936472,0.020283342318201794,0.02641736917669245,0.030649548630711412,0.03361363322056721,0.0354413089428364
2013-01,0.0017392326023582699,0.0038304225989226896,0.007393696386237031,0.013146246503917488,0.01830596671213897,0.02395174874568795,0.030118658371376686,0.03419023637155051,0.0369901691804673,0.038017451363945104
2013-02,0.00177995990865387,0.0031793661926950694,0.00610365937495759,0.011261268133202308,0.016197923071049617,0.022089222473196148,0.027344513847592705,0.03377846576249589,0.03672374497605298,0.0370090034131228
2013-03,0.00175198184554311,0.0035569263377307906,0.00605952597061335,0.011167700611604832,0.015757220300191267,0.02128517321118817,0.02713070336612608,0.03350743958401439,0.03618251735466471,0.03717093018615028
2013-04,0.0013932297247674099,0.00310412891363685,0.005282385195839899,0.00981743366264048,0.014094788997511161,0.01946009964573512,0.02489683551478418,0.030389651902647308,0.03327142006966058,0.03412482601788902
2013-05,0.00165258337016588,0.00458490731611508,0.00924315480921644,0.0153331644962568,0.020460246239478296,0.025884305963541306,0.031010189863282897,0.036327335136046496,0.03732423127830739,0.03886596341259038
2013-06,0.00188690111716174,0.00579965714752124,0.01325790814691406,0.022125808418060156,0.02767970392670331,0.03111175673929989,0.0356594002232898,0.04012119514809542,0.04006179556716896,0.04190820398258441
2013-07,0.0014558868396456202,0.005115386126599639,0.012444736139651122,0.02231106357673522,0.028674794758474904,0.03342119347780628,0.03806143901103734,0.042829143936221864,0.042376731621855346,0.04442245249764365
2013-08,0.00170845568704008,0.006942680192602779,0.016221339087349792,0.02655536765687535,0.03162407965883399,0.036787826501983215,0.03979767086022851,0.04495108620752547,0.04294857062690843,0.04426054614967037
2013-09,0.00125986687736339,0.005308050477686371,0.013126040283182351,0.022513267957092693,0.02758558859528619,0.03461878114037542,0.03783168559246568,0.04431215696358551,0.043802404737633666,0.04480843447510677
2013-10,0.00146049023851438,0.00486990716587266,0.012248678014008384,0.02162290390356978,0.027038767489308294,0.03391182871380692,0.03823638914808128,0.0429963282346551,0.043078731943111404,0.044467540963565755
2013-11,0.0016843521429782602,0.00435978571322024,0.01182222058333487,0.02230716848968983,0.029284603598866796,0.03765048242202361,0.042269843125955206,0.04549689537841681,0.046165465599765476,0.048127571077150905
2013-12,0.0016538170490399,0.00618396320376904,0.016738707639920674,0.028390795876994786,0.0351463963755161,0.040856729768363506,0.04598718531939347,0.046960558990562534,0.04626264601913341,0.048443079977784576
2014-01,0.0014751335522291901,0.00542100057940837,0.01478467417628418,0.02402531588598466,0.030137181258995095,0.035738555532721095,0.04007310409829762,0.04198606830426621,0.04135280772775718,0.04313025424039643
2014-02,0.00147442391359045,0.00521970013514865,0.01479484911316832,0.024506656652676574,0.030638370184734504,0.035486788105255504,0.0393232401606914,0.04052877771308103,0.04149532145301546,0.04209550119734709
2014-03,0.0013896321150601802,0.0071666147637714,0.01876928596471998,0.027449698430936434,0.03240357885832551,0.037339267720174485,0.0394171003828494,0.039043905903236226,0.038676917744405265,0.03983123682665515
2014-04,0.0011643264144976099,0.007186773436314971,0.01820595742250787,0.02660982572186555,0.031721272076368504,0.03574912513944731,0.0384816996871814,0.03829007386819597,0.0382128641321772,0.03851195024855661
2014-05,0.0012770388074306298,0.006308254506392471,0.016638262786160367,0.02430979265775133,0.029269133912262213,0.033316580340151794,0.035158808235287206,0.035920857660972,0.03654278839676417,0.037086104503163825
2014-06,0.00140119627918485,0.0077110153525795895,0.01774058005767839,0.02557808224846317,0.029904737252078505,0.0336053286734939,0.035735921586354205,0.03590659993923537,0.03665969298186614,0.03744560584754286
2014-07,0.0015113691202766099,0.00924125867040923,0.020354762812851757,0.028240321613804808,0.02979661196174259,0.034033718178107186,0.03519376407943345,0.03416864976343839,0.03517687373544148,0.03620764210515651
2014-08,0.00148629430099809,0.00913713799217215,0.0189439854460043,0.025674436052185064,0.027743127241946407,0.030612683510266997,0.03118539924662539,0.030981923083124807,0.033025277392628394,0.03292345466777544
2014-09,0.00151974214351354,0.01046694972964652,0.02108533969574964,0.0276003420071239,0.02909971190681289,0.03330796965425291,0.03295931005670498,0.032673400223742016,0.03392612149972374,0.03404983295412184
2014-10,0.0016734119276837001,0.00886475269077002,0.01886945257986785,0.02553940714337643,0.027657149828846997,0.032032404208639814,0.030120341610546886,0.03132676905553072,0.03295627050003938,0.03388152121280122
2014-11,0.00178056698975194,0.00793967084166762,0.01731251803959332,0.023144869169181917,0.0252834914199562,0.029799984821356207,0.0286142434462055,0.028681636390703286,0.03052152843659542,0.03252251254176858
2014-12,0.00300823522148004,0.010707143694973319,0.019810299851650143,0.024677057111717304,0.024944056492106195,0.029596136412788396,0.026665724115662315,0.02648463788558386,0.027997748641788806,0.02897163623939361
2015-01,0.00202406662529106,0.0072294286447876,0.013894709414650071,0.017049032921671668,0.018651048458681603,0.023097230313449006,0.02097666029572018,0.019969287073003217,0.023516186421698393,0.02392377859052619
2015-02,0.00276293620478452,0.01002083293013258,0.0180597299140053,0.022120590071196797,0.023037909689716307,0.0272512203424881,0.0248835101944046,0.023963134683667786,0.026795771765497606,0.027102257069791413
2015-03,0.0028948470153441104,0.00862164795542761,0.015444034457676942,0.020633910402483337,0.021944476011897494,0.026400957367421707,0.024312234911542704,0.0244428014383557,0.02703425547561611,0.026252808055735294
2015-04,0.0026784758821611,0.009257168057683542,0.0156979732314071,0.02143420340582266,0.023846538010961593,0.02829291383192939,0.025360192086705924,0.026610246588949504,0.02818639559948763,0.028893558324214558
2015-05,0.00300578641406627,0.009370007580070509,0.01615285142477988,0.02242615780294094,0.0250729747621214,0.029080997672754794,0.026635153099389797,0.0284235057709748,0.02982260502142614,0.029502591522500482
2015-06,0.0032227278831891497,0.00991697995724259,0.017646086631897158,0.025081992833297904,0.028578209709864202,0.032512801306530795,0.030023210265071626,0.03281214370721136,0.03186711127873684,0.030487296422270382
2015-07,0.00358658279092669,0.009955444896513049,0.016196850401963673,0.023014772828934188,0.026236708114917393,0.029209778311641413,0.0272319363606945,0.03086056363334508,0.029521383945033397,0.027466923126908627
2015-08,0.00435156957366955,0.01100032597911859,0.01726066762146046,0.022962609413344194,0.024942960361306214,0.030097237391554788,0.027292374134431224,0.03099914008414298,0.03015524487586338,0.02974062119241261
2015-09,0.00361936258077107,0.00928567400167983,0.01467871654667161,0.01997400212780669,0.02295699594734179,0.026918678559422607,0.0254524192680613,0.02984367526498591,0.029945958028334024,0.028049945381872193
2015-10,0.00461710886103171,0.01066003463173813,0.01606010294746616,0.022873462139431602,0.024379773397008905,0.028307062208345293,0.026874581497797603,0.02875039899806059,0.029897546823146215,0.028341681303586802
2015-11,0.006791775621785449,0.01226146551137651,0.01769087670680624,0.023070108765289796,0.02576680372271549,0.027626850932647523,0.027346416140442698,0.02813573318108431,0.030171569561119105,0.0287552671473979
2015-12,0.00783884531409826,0.013725756542185137,0.018040364503938502,0.0247987281206713,0.0262282509632408,0.028146876319165196,0.02817807465661691,0.02892905494679429,0.03019052940817732,0.029392462588789275
2016-01,0.00628238702066946,0.01003023699671022,0.013296332752701,0.018529767264764123,0.02099431990187821,0.023222091431017583,0.02513741294555341,0.02675219465062198,0.029531278622415308,0.027218755875867695
2016-02,0.00662388845524012,0.009068707836791277,0.011437966688584458,0.018197667918499742,0.0188667068182424,0.021471700775108807,0.021237944379639787,0.023524391675335002,0.026906233667282398,0.024602104766422023
2016-03,0.006005924686920589,0.00868065749215027,0.01129282733203326,0.017216978443418685,0.019311219227951697,0.02315898592762311,0.022333667029751383,0.02427745247135181,0.026269090967706688,0.02538330793879051
2016-04,0.00587594225575634,0.00976899464944976,0.012629324449793752,0.018220847821871354,0.019967628697758796,0.023613863448395403,0.0235121829714776,0.0241549244874322,0.025444141379055596,0.02580029517814919
2016-05,0.0071295751458349795,0.010442743565467899,0.013391885101450524,0.0193752048401322,0.02036365227697489,0.023272963349601702,0.022772220803187415,0.023802664066093604,0.024507852963565585,0.02496117479675919
2016-06,0.00496421278670064,0.00674606090970718,0.009619755945362303,0.014098933168645515,0.01562712947805986,0.019160811991490896,0.019053146990956518,0.01959725601386829,0.021617506330518496,0.020845884182218305
2016-07,0.00564637908597134,0.007498677252915121,0.00981147242255659,0.014091352875932911,0.015492243511483032,0.0183681435728938,0.01895410103119881,0.018929389931059595,0.020432975085638405,0.019218668891475416
2016-08,0.0065720174748787295,0.00969431452589755,0.012041737672954782,0.016444312079179742,0.01721479669783469,0.019760391949133094,0.019965265760716805,0.019058701729025407,0.0198555676261407,0.019951742969957498
2016-09,0.00652816981452672,0.009111310618375838,0.011533003054331574,0.01566067799838186,0.017005340781837,0.019275046692815004,0.020245032290752696,0.02031789384353451,0.02219246815530382,0.02242593744020896
2016-10,0.00680839112353345,0.01042851951228331,0.013017992849861434,0.017934756653016606,0.019865769249436713,0.022514364652672286,0.022697254382756687,0.02348301101881632,0.025750779457737794,0.026052192981774414
2016-11,0.00858635008836558,0.013801180876103823,0.019879094641433996,0.026210756290235795,0.0273741158556198,0.02985118217970742,0.029573784714264667,0.030093658300108905,0.030424142934368487,0.030788378462650534
2016-12,0.008948130961944169,0.014823289032282833,0.019978034225324903,0.026831817990304492,0.02810186963937411,0.030315930822342088,0.029502821492470216,0.03133114186401317,0.03215730699542621,0.03259124916446676
2017-01,0.008566732834664999,0.015534309792708199,0.020507285576803,0.025720899162347398,0.0271397242598259,0.030976716253896308,0.02987480200754347,0.03158627978462192,0.0324502371013739,0.03129724335559794
2017-02,0.00929036462237942,0.01580687736357858,0.021028631529381094,0.025803374229223706,0.026415231555544705,0.02896155357543828,0.02895487101199301,0.029844129395296404,0.030607281640608885,0.02957004193699092
2017-03,0.010609883376899,0.014604549502699201,0.020259744752784692,0.025738503837866307,0.026142152799581306,0.02926648096449709,0.028798091940734516,0.029822290825172293,0.03026648545990443,0.02961976794867216
2017-04,0.0110979847831038,0.0141826532383352,0.018496546512689793,0.023784265955592798,0.024336523463472412,0.027865537239432595,0.027819682298129506,0.027959346927211887,0.029567890344649905,0.02897072142289714
2017-05,0.011785295568771502,0.0137683023964315,0.017823130087791298,0.0223226740196237,0.023278277908592007,0.025972815710785385,0.026948134574758115,0.027621425127511284,0.02869595116516918,0.028837734563170014
2017-06,0.012656090544334999,0.0149556586015618,0.0190631110236393,0.023262695307167507,0.025090561890390398,0.026855968994541388,0.027960437589893306,0.02767701806434411,0.02812455675097089,0.02742133066664232
2017-07,0.012347587965796101,0.014618717942804898,0.0184940554420787,0.022867273176041106,0.0244419456023382,0.027167210596988997,0.02820483858391158,0.02801718528327163,0.028964706328841988,0.029526441890619815
2017-08,0.0122703334196971,0.014166700579512899,0.0166763553698435,0.02076067613165171,0.02240114495417779,0.024344103010835394,0.0254962558726526,0.025929764743922612,0.02639966319297049,0.02676649939755188
2017-09,0.013335538303815,0.0163055587127066,0.019537464744930698,0.0230461746660533,0.025123937056475393,0.02693948590457379,0.027836680081305798,0.02760453110572822,0.028173901957977504,0.027722199934902686
2017-10,0.0144645952377216,0.017501040962150004,0.020218395147820596,0.02349450351617699,0.025726238710196317,0.027026407798704702,0.027890656782605022,0.027693810785208772,0.02744407163796983,0.02700047469000716
2017-11,0.0163454922133347,0.019239097164391497,0.0214476237306162,0.024424392461810406,0.025522521330961195,0.027092301611566227,0.027214113795542255,0.02750961171234151,0.026883963506531522,0.027495375954761453
2017-12,0.0176390019659436,0.019778360833112397,0.0218484985816566,0.025120314467008596,0.025309226972211815,0.026771183531996978,0.026780908700322792,0.02624735178401444,0.026179534989603265,0.026206862252074498
2018-01,0.0189311790528914,0.0236341668841418,0.026189562069677604,0.028011691964375196,0.02873012609795303,0.030237241418818173,0.02924145236892703,0.02904621798361659,0.027801099081447705,0.028584912086299485
2018-02,0.0204532867781425,0.024581316395487506,0.027273335236291496,0.029655659398652487,0.029877118967592528,0.03194836191780148,0.03133318558367901,0.0308870033826098,0.03113822989255638,0.031002455118128824
2018-03,0.0209065150267577,0.024407323670607897,0.0262128140261692,0.027844229160518,0.028262355372016712,0.03034731680478231,0.029423258194374885,0.02885299538753569,0.02858446876637738,0.029566869016800224
2018-04,0.022465557751767,0.0271718861009096,0.029345790784483003,0.0299735285740748,0.03063617008159461,0.03214772254445958,0.031063274051036177,0.030867308509116842,0.03032905172438996,0.030988554417902436
2018-05,0.022430310237817,0.025989462524182005,0.0280848601541185,0.029137628289395298,0.028916642901963177,0.03096493113292581,0.03022201101075689,0.03035835811156612,0.030332965289838393,0.030052131522039782
2018-06,0.0232394016859215,0.0272218184610587,0.028061263187141493,0.029091560566319508,0.02907206611183831,0.030661699524788283,0.029519867009615314,0.028837563278919287,0.03027538492217921,0.03015742900890339
2018-07,0.024248823386188598,0.028963305729235403,0.029441612835662406,0.029396558944764395,0.029734526397310196,0.03119094683867299,0.030684358436389114,0.02992421417485211,0.03113464796226506,0.03126305259977874
2018-08,0.0243159966128127,0.027887479613703903,0.028137804588575406,0.028328348430532793,0.02786502547395668,0.0296990496348965,0.029562475505949315,0.029126976354983097,0.030826211355516914,0.03062047310422067
2018-09,0.025908561201566198,0.030077692748658805,0.029978470686582902,0.030512475655718505,0.030363740755068577,0.031715474768537616,0.03167223031784239,0.031029361744553008,0.0326659995920732,0.03156705501931484
2018-10,0.026734360440434802,0.030284512510756405,0.030208253920138192,0.030375875406723804,0.030601124214647807,0.03264541222187342,0.03266347875900938,0.0328959703335914,0.03466337349647816,0.03385632065985361
2018-11,0.026790951891929603,0.0286229720094824,0.028065937206727398,0.028761730686615805,0.028755696037245787,0.03057462245719042,0.03060920226583369,0.03128880424389488,0.03410389041417927,0.03250562404762275
2018-12,0.0257382162681326,0.023851373072155,0.023945981281017596,0.0255283772937184,0.026020874561169915,0.02811951408124788,0.027871070809183024,0.02894272914155477,0.030906608966227822,0.02990099694641002
